Model,CV_Accuracy_Mean,CV_Accuracy_SD,CV_MacroF1_Mean,CV_MacroF1_SD,CV_WeightedF1_Mean,CV_WeightedF1_SD,CV_ROC_AUC_OVR_Macro_Mean,CV_ROC_AUC_OVR_Macro_SD
XGBoost,0.9230769230769231,0.042132504423474326,0.9153122367828251,0.04943281381941618,0.9224601642701191,0.04197848942180244,0.9886309523809522,0.013144388282101908
RandomForest,0.9615384615384615,0.02432521277052598,0.9587929717341481,0.02729630298774795,0.9608520890873832,0.025023500315046184,0.9979861111111111,0.002156135374480571
SVM,0.9615384615384615,0.02432521277052598,0.9585506650212533,0.029381589194861068,0.9605077577023279,0.025757087465161456,0.9980555555555556,0.0038888888888888753
LogisticRegression,0.9538461538461538,0.04485347611419463,0.9514036943448708,0.0483555062856275,0.9525530879377033,0.046073442224583525,0.9978571428571428,0.0033428859719283146
