Model,Holdout_Accuracy,Holdout_MacroF1,Holdout_WeightedF1,Holdout_ROC_AUC_OVR_Macro
XGBoost,0.9230769230769231,0.9163752913752915,0.9228079612694997,0.9979166666666667
RandomForest,0.9615384615384616,0.9625668449197861,0.9609214315096668,1.0
SVM,1.0,1.0,1.0,1.0
LogisticRegression,1.0,1.0,1.0,1.0
