Gene_set,Term,Overlap,P-value,Adjusted P-value,Old P-value,Old Adjusted P-value,Odds Ratio,Combined Score,Genes
KEGG_2021_Human,Cell cycle,3/124,0.0023955376117758,0.1485233319301034,0,0,12.29504132231405,74.19009409618413,CCNA2;CDC45;CDC6
KEGG_2021_Human,Progesterone-mediated oocyte maturation,2/100,0.0195637897091908,0.4074718112891836,0,0,9.885017421602788,38.888398778373954,CCNA2;AURKA
KEGG_2021_Human,Pathways in cancer,4/531,0.026803570053025,0.4074718112891836,0,0,3.781443098331144,13.685875206560018,CCNA2;IL23A;ERBB2;ESR1
KEGG_2021_Human,Breast cancer,2/147,0.0398141798494407,0.4074718112891836,0,0,6.665096719932716,21.48515357635476,ERBB2;ESR1
KEGG_2021_Human,Cellular senescence,2/156,0.04431888899254,0.4074718112891836,0,0,6.2727272727272725,19.54797791139511,CCNA2;MYBL2
KEGG_2021_Human,Epstein-Barr virus infection,2/202,0.0699894688360044,0.4074718112891836,0,0,4.818780487804878,12.815115394903914,CCNA2;PSMD3
KEGG_2021_Human,Proteoglycans in cancer,2/205,0.0718022170651039,0.4074718112891836,0,0,4.746846089150547,12.50243274772257,ERBB2;ESR1
KEGG_2021_Human,Bladder cancer,1/41,0.0845440470313178,0.4074718112891836,0,0,11.855357142857144,29.28845370168136,ERBB2
KEGG_2021_Human,Chemical carcinogenesis,2/239,0.0933601118388569,0.4074718112891836,0,0,4.058865905114748,9.624752568777712,CDC6;ESR1
KEGG_2021_Human,Proteasome,1/46,0.0943639772927112,0.4074718112891836,0,0,10.535449735449737,24.86993918817013,PSMD3
KEGG_2021_Human,Cholesterol metabolism,1/50,0.1021457742794159,0.4074718112891836,0,0,9.673469387755102,22.068611238785657,STARD3
KEGG_2021_Human,Endocrine and other factor-regulated calcium reabsorption,1/53,0.107939223970153,0.4074718112891836,0,0,9.114010989010987,20.289492337496565,ESR1
KEGG_2021_Human,Endometrial cancer,1/58,0.1175139323807893,0.4074718112891836,0,0,8.312447786131997,17.798599724969133,ERBB2
KEGG_2021_Human,Inflammatory bowel disease,1/65,0.1307500786928151,0.4074718112891836,0,0,7.400669642857143,15.056422415612554,IL23A
KEGG_2021_Human,Acute myeloid leukemia,1/67,0.1344960845583085,0.4074718112891836,0,0,7.175685425685426,14.396004988536754,CCNA2
KEGG_2021_Human,Central carbon metabolism in cancer,1/70,0.1400855459416575,0.4074718112891836,0,0,6.862663906142167,13.488579636575569,ERBB2
KEGG_2021_Human,Prolactin signaling pathway,1/70,0.1400855459416575,0.4074718112891836,0,0,6.862663906142167,13.488579636575569,ESR1
KEGG_2021_Human,Adherens junction,1/71,0.1419408528228847,0.4074718112891836,0,0,6.764285714285714,13.206218294131878,ERBB2
KEGG_2021_Human,MicroRNAs in cancer,2/310,0.143212669528809,0.4074718112891836,0,0,3.111973392461197,6.047885502322521,CDCA5;ERBB2
KEGG_2021_Human,Non-small cell lung cancer,1/72,0.1437922497074726,0.4074718112891836,0,0,6.668678739101274,12.933140394434057,ERBB2
KEGG_2021_Human,Inositol phosphate metabolism,1/73,0.1456397446182822,0.4074718112891836,0,0,6.5757275132275135,12.66892294138346,INPP4B
KEGG_2021_Human,Pancreatic cancer,1/76,0.15115889773631,0.4074718112891836,0,0,6.311746031746032,11.9255624938045,ERBB2
KEGG_2021_Human,Pertussis,1/76,0.15115889773631,0.4074718112891836,0,0,6.311746031746032,11.9255624938045,IL23A
KEGG_2021_Human,ErbB signaling pathway,1/85,0.1675082362330531,0.4181228325805128,0,0,5.632936507936508,10.064495849636533,ERBB2
KEGG_2021_Human,Salivary secretion,1/93,0.1817824758162722,0.4181228325805128,0,0,5.141045548654244,8.765197304329645,AQP5
KEGG_2021_Human,Rheumatoid arthritis,1/93,0.1817824758162722,0.4181228325805128,0,0,5.141045548654244,8.765197304329645,IL23A
KEGG_2021_Human,Phosphatidylinositol signaling system,1/97,0.1888296663266832,0.4181228325805128,0,0,4.925843253968254,8.210936918629546,INPP4B
KEGG_2021_Human,Prostate cancer,1/97,0.1888296663266832,0.4181228325805128,0,0,4.925843253968254,8.210936918629546,ERBB2
KEGG_2021_Human,C-type lectin receptor signaling pathway,1/104,0.2010198600663773,0.4192348038516863,0,0,4.589459084604716,7.363105885558578,IL23A
KEGG_2021_Human,Th17 cell differentiation,1/107,0.2061892837983776,0.4192348038516863,0,0,4.458894878706199,7.04041968388812,IL23A
KEGG_2021_Human,HIF-1 signaling pathway,1/109,0.2096174019258431,0.4192348038516863,0,0,4.375881834215168,6.83718980233469,ERBB2
KEGG_2021_Human,AMPK signaling pathway,1/120,0.2282151401742569,0.4257375503560073,0,0,3.969187675070028,5.864341812921208,CCNA2
KEGG_2021_Human,Thyroid hormone signaling pathway,1/121,0.2298844913319307,0.4257375503560073,0,0,3.9359126984126975,5.786493470639194,ESR1
KEGG_2021_Human,Oocyte meiosis,1/129,0.2431129388323608,0.4257375503560073,0,0,3.688430059523809,5.216285399224581,AURKA
KEGG_2021_Human,Estrogen signaling pathway,1/137,0.2561193536495746,0.4257375503560073,0,0,3.470063025210084,4.72661350869186,ESR1
KEGG_2021_Human,Ubiquitin mediated proteolysis,1/140,0.2609402610746575,0.4257375503560073,0,0,3.394655704008222,4.560596992829955,UBE2C
KEGG_2021_Human,Signaling pathways regulating pluripotency of stem cells,1/143,0.2657306473894262,0.4257375503560073,0,0,3.3224346076458757,4.403129846492805,RIF1
KEGG_2021_Human,Spinocerebellar ataxia,1/143,0.2657306473894262,0.4257375503560073,0,0,3.3224346076458757,4.403129846492805,PSMD3
KEGG_2021_Human,Gastric cancer,1/149,0.2752206099425004,0.4257375503560073,0,0,3.1867760617760617,4.111522020998835,ERBB2
KEGG_2021_Human,Spliceosome,1/150,0.276790579535935,0.4257375503560073,0,0,3.1652285075103865,4.065717309137326,SRSF5
KEGG_2021_Human,JAK-STAT signaling pathway,1/162,0.2953730632759782,0.4257375503560073,0,0,2.927536231884058,3.570177569075536,IL23A
KEGG_2021_Human,Hepatitis B,1/162,0.2953730632759782,0.4257375503560073,0,0,2.927536231884058,3.570177569075536,CCNA2
KEGG_2021_Human,Wnt signaling pathway,1/166,0.3014629550579916,0.4257375503560073,0,0,2.855988455988456,3.4246390029225693,CACYBP
KEGG_2021_Human,Tight junction,1/169,0.3059966065596616,0.4257375503560073,0,0,2.804563492063492,3.321111548756176,ERBB2
KEGG_2021_Human,Protein processing in endoplasmic reticulum,1/171,0.3090030607422633,0.4257375503560073,0,0,2.7712885154061624,3.254612585959557,WFS1
KEGG_2021_Human,Tuberculosis,1/180,0.3223754204297258,0.4345060014487608,0,0,2.630752859803139,2.978113549215391,IL23A
KEGG_2021_Human,Transcriptional misregulation in cancer,1/192,0.3398126714804756,0.4482635240806273,0,0,2.463974071303914,2.6595169741311544,CCNA2
KEGG_2021_Human,Focal adhesion,1/201,0.3526022244347344,0.4497041048169056,0,0,2.3520238095238097,2.4517841946791843,ERBB2
KEGG_2021_Human,Viral carcinogenesis,1/203,0.3554113086456189,0.4497041048169056,0,0,2.3285007072135784,2.408786350456257,CCNA2
KEGG_2021_Human,Human T-cell leukemia virus 1 infection,1/219,0.3774594623892746,0.4680497333627005,0,0,2.1558540847531678,2.100431604516088,CCNA2
KEGG_2021_Human,Calcium signaling pathway,1/240,0.4052827212375678,0.4926966415044942,0,0,1.964335525004981,1.7741296592039066,ERBB2
KEGG_2021_Human,Parkinson disease,1/249,0.4168316949369661,0.496991636270998,0,0,1.8921850998463905,1.6557996148946257,PSMD3
KEGG_2021_Human,Prion disease,1/273,0.4465685239262731,0.522400914781678,0,0,1.72312675070028,1.3891200337252825,PSMD3
KEGG_2021_Human,MAPK signaling pathway,1/294,0.4713693517008587,0.5326621349642632,0,0,1.5979197139606696,1.2018166789136435,ERBB2
KEGG_2021_Human,Cytokine-cytokine receptor interaction,1/295,0.4725228616618464,0.5326621349642632,0,0,1.592403628117914,1.1937758723564758,IL23A
KEGG_2021_Human,Huntington disease,1/306,0.4850503223889414,0.5370199997877566,0,0,1.534113973458236,1.109935503605058,PSMD3
KEGG_2021_Human,Human papillomavirus infection,1/331,0.5124508438764594,0.5574026722866752,0,0,1.416089466089466,0.94672730212886,CCNA2
KEGG_2021_Human,PI3K-Akt signaling pathway,1/354,0.5363982777080424,0.5697728293641446,0,0,1.3222716848779172,0.8236143900098101,ERBB2
KEGG_2021_Human,Amyotrophic lateral sclerosis,1/364,0.5464482105952175,0.5697728293641446,0,0,1.2851895579168306,0.7766602806144374,PSMD3
KEGG_2021_Human,Alzheimer disease,1/369,0.5513930606749786,0.5697728293641446,0,0,1.2674042443064182,0.754495081564532,PSMD3
KEGG_2021_Human,Pathways of neurodegeneration,1/475,0.6446565355294196,0.6552246754561314,0,0,0.9786517982720514,0.429664943669711,PSMD3
KEGG_2021_Human,Herpes simplex virus 1 infection,1/498,0.6622359653858924,0.6622359653858924,0,0,0.932260228034876,0.3842155246753684,SRSF5
GO_Biological_Process_2023,Regulation Of Mitotic Cell Cycle Phase Transition (GO:1901990),4/86,3.4598575925078274e-05,0.0174722808421645,0,0,24.859287054409005,255.34708998783515,UBE2C;KIF14;CDC6;AURKA
GO_Biological_Process_2023,DNA Integrity Checkpoint Signaling (GO:0031570),3/42,0.00010023073893269744,0.0253082615805061,0,0,38.30384615384615,352.7031805560676,CDC45;DONSON;CDC6
GO_Biological_Process_2023,Regulation Of Exit From Mitosis (GO:0007096),2/14,0.0004041897176269234,0.0488911210601332,0,0,81.07723577235772,633.5072130174765,UBE2C;CDCA5
GO_Biological_Process_2023,Proteasome-Mediated Ubiquitin-Dependent Protein Catabolic Process (GO:0043161),5/319,0.0005858576857659213,0.0488911210601332,0,0,8.231226952732149,61.26036049443459,UBE2C;WFS1;PSMD3;KIF14;PELI1
GO_Biological_Process_2023,DNA Replication Checkpoint Signaling (GO:0000076),2/17,0.0006015962324961352,0.0488911210601332,0,0,64.85203252032521,480.9377475175773,CDC45;CDC6
GO_Biological_Process_2023,Regulation Of Cell Cycle G2/M Phase Transition (GO:1902749),2/18,0.0006758731147824064,0.0488911210601332,0,0,60.795731707317074,443.7787597089313,KIF14;AURKA
GO_Biological_Process_2023,Regulation Of Cytokinesis (GO:0032465),3/80,0.0006776987077642231,0.0488911210601332,0,0,19.363636363636363,141.29273193710048,KIF14;CDC6;AURKA
GO_Biological_Process_2023,DNA Replication Initiation (GO:0006270),2/21,0.0009238809256518344,0.058319983431772,0,0,51.18870346598203,357.6517529213759,CDC45;MCM10
GO_Biological_Process_2023,Negative Regulation Of Programmed Cell Death (GO:0043069),5/381,0.001297523898621,0.0723715403739043,0,0,6.852253639417693,45.548968651930494,MIEN1;WFS1;ERBB2;WNK3;KIF14
GO_Biological_Process_2023,Cellular Response To Osmotic Stress (GO:0071470),2/28,0.0016471925007538,0.0723715403739043,0,0,37.39399624765478,239.64626637110104,WNK3;AQP5
GO_Biological_Process_2023,Mitotic Cell Cycle Phase Transition (GO:0044772),3/111,0.0017469205497262,0.0723715403739043,0,0,13.784027777777778,87.52720800686893,CCNA2;UBE2C;AURKA
GO_Biological_Process_2023,Positive Regulation Of Calcium Ion Transport (GO:0051928),2/29,0.0017667977889501,0.0723715403739043,0,0,36.00722673893406,228.23492237875303,WFS1;WNK3
GO_Biological_Process_2023,Positive Regulation Of Cell Cycle Process (GO:0090068),3/118,0.0020802954090138,0.0723715403739043,0,0,12.940434782608696,79.91036000024108,KIF14;CDC6;AURKA
GO_Biological_Process_2023,Regulation Of Metaphase/Anaphase Transition Of Cell Cycle (GO:1902099),2/32,0.0021496497140763,0.0723715403739043,0,0,32.40162601626016,199.02537983535305,UBE2C;CDC6
GO_Biological_Process_2023,Regulation Of Transcription By RNA Polymerase I (GO:0006356),2/32,0.0021496497140763,0.0723715403739043,0,0,32.40162601626016,199.02537983535305,ERBB2;DEK
GO_Biological_Process_2023,Positive Regulation Of Transcription By RNA Polymerase I (GO:0045943),2/34,0.0024247449101167,0.0762906503432817,0,0,30.3734756097561,182.90994948965812,ERBB2;DEK
GO_Biological_Process_2023,Positive Regulation Of Mitotic Nuclear Division (GO:0045840),2/35,0.0025682001105659,0.0762906503432817,0,0,29.45158906134516,175.66547469692333,UBE2C;AURKA
GO_Biological_Process_2023,G2/M Transition Of Mitotic Cell Cycle (GO:0000086),2/38,0.0030219952153155,0.0778795360928529,0,0,26.993224932249323,156.61031811173902,CCNA2;AURKA
GO_Biological_Process_2023,Positive Regulation Of Cytokinesis (GO:0032467),2/39,0.0031810145747939,0.0778795360928529,0,0,26.262359920896508,151.0231473713992,KIF14;CDC6
GO_Biological_Process_2023,Positive Regulation Of Monoatomic Ion Transport (GO:0043270),2/40,0.0033438834663094,0.0778795360928529,0,0,25.569961489088573,145.76469607458566,WFS1;WNK3
GO_Biological_Process_2023,Cell Cycle G2/M Phase Transition (GO:0044839),2/40,0.0033438834663094,0.0778795360928529,0,0,25.569961489088573,145.76469607458566,CCNA2;AURKA
GO_Biological_Process_2023,Regulation Of Microtubule-Based Process (GO:0032886),2/41,0.0035105853903972,0.0778795360928529,0,0,24.91307066916823,140.8079897526317,ERBB2;AURKA
GO_Biological_Process_2023,Negative Regulation Of Apoptotic Process (GO:0043066),5/482,0.003604340571662,0.0778795360928529,0,0,5.373496634668432,30.229231037610937,MIEN1;WFS1;ERBB2;WNK3;KIF14
GO_Biological_Process_2023,Positive Regulation Of Protein Kinase Activity (GO:0045860),3/145,0.0037256776930933,0.0778795360928529,0,0,10.465669014084508,58.52932212067741,CCNA2;IL23A;KIF14
GO_Biological_Process_2023,Positive Regulation Of Cell Division (GO:0051781),2/43,0.0038554225788541,0.0778795360928529,0,0,23.695419393218323,131.70564916179435,KIF14;CDC6
GO_Biological_Process_2023,Epidermal Growth Factor Receptor Signaling Pathway (GO:0007173),2/45,0.0042153951297837,0.0818759438669541,0,0,22.59103800340329,123.55065676287644,GRB7;ERBB2
GO_Biological_Process_2023,Mitotic G2/M Transition Checkpoint (GO:0044818),2/46,0.0044010164446743,0.0823153075763173,0,0,22.07649667405765,119.78529941576386,DONSON;CDC6
GO_Biological_Process_2023,Regulation Of Mitotic Metaphase/Anaphase Transition (GO:0030071),2/49,0.0049802262706846,0.0872083012403388,0,0,20.664244940321744,109.56761169296044,UBE2C;CDC6
GO_Biological_Process_2023,Protein Autophosphorylation (GO:0046777),3/162,0.0050771763608153,0.0872083012403388,0,0,9.33867924528302,49.33624251269274,ERBB2;WNK3;AURKA
GO_Biological_Process_2023,Mitotic Metaphase Plate Congression (GO:0007080),2/50,0.0051806911627924,0.0872083012403388,0,0,20.23272357723577,106.48111760263689,CDCA5;KIF14
GO_Biological_Process_2023,Metaphase Plate Congression (GO:0051310),2/51,0.0053848268157729,0.0877205658698499,0,0,19.81881533101045,103.53686305193918,CDCA5;KIF14
GO_Biological_Process_2023,Regulation Of Cyclin-Dependent Protein Kinase Activity (GO:1904029),2/53,0.0058040466263831,0.0915951108226098,0,0,19.039693926351028,98.03919026153729,CCNA2;CDC6
GO_Biological_Process_2023,Regulation Of Calcium Ion Transport (GO:0051924),2/57,0.0066858365827703,0.1023135598272434,0,0,17.651441241685145,88.39425081534023,WFS1;WNK3
GO_Biological_Process_2023,Ubiquitin-Dependent Protein Catabolic Process (GO:0006511),4/367,0.007833364164206,0.1136900097791848,0,0,5.536201172564809,26.8470502930031,UBE2C;PSMD3;KIF14;PELI1
GO_Biological_Process_2023,Positive Regulation Of Mitotic Cell Cycle Phase Transition (GO:1901992),2/63,0.0081150146933779,0.1136900097791848,0,0,15.910435825669731,76.593462825792,UBE2C;CDCA5
GO_Biological_Process_2023,Phosphatidylinositol Metabolic Process (GO:0046488),2/63,0.0081150146933779,0.1136900097791848,0,0,15.910435825669731,76.593462825792,INPP4B;PGAP3
GO_Biological_Process_2023,Positive Regulation Of Protein Metabolic Process (GO:0051247),3/196,0.0085770421661769,0.1136900097791848,0,0,7.680310880829015,36.54803549298013,WFS1;IL23A;ERBB2
GO_Biological_Process_2023,DNA-templated DNA Replication (GO:0006261),2/69,0.0096690137324449,0.1136900097791848,0,0,14.48125227520932,67.17605253596004,CDC45;MCM10
GO_Biological_Process_2023,Protein K48-linked Ubiquitination (GO:0070936),2/70,0.0099399173152182,0.1136900097791848,0,0,14.267575322812052,65.79059448688477,UBE2C;PELI1
GO_Biological_Process_2023,ERBB2-EGFR Signaling Pathway (GO:0038134),1/5,0.0107048332367716,0.1136900097791848,0,0,118.76785714285714,538.8568862241955,ERBB2
GO_Biological_Process_2023,Positive Regulation Of Monoatomic Ion Transmembrane Transport (GO:0034767),1/5,0.0107048332367716,0.1136900097791848,0,0,118.76785714285714,538.8568862241955,WNK3
GO_Biological_Process_2023,Positive Regulation Of Osteoblast Proliferation (GO:0033690),1/5,0.0107048332367716,0.1136900097791848,0,0,118.76785714285714,538.8568862241955,CCNA2
GO_Biological_Process_2023,Osmosensory Signaling Pathway (GO:0007231),1/5,0.0107048332367716,0.1136900097791848,0,0,118.76785714285714,538.8568862241955,WNK3
GO_Biological_Process_2023,Positive Regulation Of NK T Cell Proliferation (GO:0051142),1/5,0.0107048332367716,0.1136900097791848,0,0,118.76785714285714,538.8568862241955,IL23A
GO_Biological_Process_2023,Regulation Of NK T Cell Activation (GO:0051133),1/5,0.0107048332367716,0.1136900097791848,0,0,118.76785714285714,538.8568862241955,IL23A
GO_Biological_Process_2023,Regulation Of T-helper 17 Cell Lineage Commitment (GO:2000328),1/5,0.0107048332367716,0.1136900097791848,0,0,118.76785714285714,538.8568862241955,IL23A
GO_Biological_Process_2023,Dendrite Extension (GO:0097484),1/5,0.0107048332367716,0.1136900097791848,0,0,118.76785714285714,538.8568862241955,TMEM108
GO_Biological_Process_2023,Negative Regulation Of Neuron Apoptotic Process (GO:0043524),2/74,0.0110569896915747,0.1136900097791848,0,0,13.47222222222222,60.68821839901732,WFS1;KIF14
GO_Biological_Process_2023,Regulation Of DNA Replication (GO:0006275),2/75,0.0113445476278683,0.1136900097791848,0,0,13.287003007016372,59.51272610864709,CCNA2;CDC6
GO_Biological_Process_2023,Proteasomal Protein Catabolic Process (GO:0010498),3/220,0.0117254550850417,0.1136900097791848,0,0,6.82258064516129,30.333146828581768,PSMD3;KIF14;PELI1
GO_Biological_Process_2023,Positive Regulation Of Cell Motility (GO:2000147),3/221,0.0118692365145248,0.1136900097791848,0,0,6.790940366972477,30.1097080227956,CCNA2;GRB7;MIEN1
GO_Biological_Process_2023,Regulation Of Cyclin-Dependent Protein Serine/Threonine Kinase Activity (GO:0000079),2/79,0.0125274942020081,0.1136900097791848,0,0,12.594235033259425,55.16060230431339,CCNA2;CDC6
GO_Biological_Process_2023,Positive Regulation Of Protein Localization To Membrane (GO:1905477),2/79,0.0125274942020081,0.1136900097791848,0,0,12.594235033259425,55.16060230431339,ERBB2;WNK3
GO_Biological_Process_2023,Free Ubiquitin Chain Polymerization (GO:0010994),1/6,0.0128323377374525,0.1136900097791848,0,0,95.0095238095238,413.8412399700829,UBE2C
GO_Biological_Process_2023,Positive Regulation Of T-helper 17 Cell Differentiation (GO:2000321),1/6,0.0128323377374525,0.1136900097791848,0,0,95.0095238095238,413.8412399700829,IL23A
GO_Biological_Process_2023,Positive Regulation Of Activation Of Janus Kinase Activity (GO:0010536),1/6,0.0128323377374525,0.1136900097791848,0,0,95.0095238095238,413.8412399700829,IL23A
GO_Biological_Process_2023,Regulation Of NK T Cell Proliferation (GO:0051140),1/6,0.0128323377374525,0.1136900097791848,0,0,95.0095238095238,413.8412399700829,IL23A
GO_Biological_Process_2023,Positive Regulation Of Growth (GO:0045927),2/81,0.0131383906967801,0.1143946086529991,0,0,12.274158690953998,53.17431583671607,WFS1;ERBB2
GO_Biological_Process_2023,Regulation Of Cell Migration (GO:0030334),4/434,0.0138501265075836,0.1161917533080792,0,0,4.657602862254025,19.932029393888048,CCNA2;GRB7;MIEN1;KIF14
GO_Biological_Process_2023,Mitotic Spindle Organization (GO:0007052),2/85,0.0143984473910825,0.1161917533080792,0,0,11.68028210402586,49.53181191205112,CEP126;AURKA
GO_Biological_Process_2023,ER Overload Response (GO:0006983),1/7,0.0149553741881686,0.1161917533080792,0,0,79.17063492063492,332.7292054829482,WFS1
GO_Biological_Process_2023,Positive Regulation Of Natural Killer Cell Proliferation (GO:0032819),1/7,0.0149553741881686,0.1161917533080792,0,0,79.17063492063492,332.7292054829482,IL23A
GO_Biological_Process_2023,Postsynaptic Density Organization (GO:0097106),1/7,0.0149553741881686,0.1161917533080792,0,0,79.17063492063492,332.7292054829482,TMEM108
GO_Biological_Process_2023,Negative Regulation Of B Cell Apoptotic Process (GO:0002903),1/7,0.0149553741881686,0.1161917533080792,0,0,79.17063492063492,332.7292054829482,ORMDL3
GO_Biological_Process_2023,Regulation Of Activation Of Janus Kinase Activity (GO:0010533),1/7,0.0149553741881686,0.1161917533080792,0,0,79.17063492063492,332.7292054829482,IL23A
GO_Biological_Process_2023,Negative Regulation Of Neuron Death (GO:1901215),2/88,0.0153765163993987,0.1176536482075207,0,0,11.271128757799206,47.055991472096665,WFS1;KIF14
GO_Biological_Process_2023,Negative Regulation Of Amide Metabolic Process (GO:0034249),2/93,0.017068397821674,0.1181704854370395,0,0,10.649155722326451,43.34767169794486,GRB7;ORMDL3
GO_Biological_Process_2023,Positive Regulation Of Memory T Cell Differentiation (GO:0043382),1/8,0.0170739515504476,0.1181704854370395,0,0,67.85714285714286,276.1922295799092,IL23A
GO_Biological_Process_2023,Regulation Of Fertilization (GO:0080154),1/8,0.0170739515504476,0.1181704854370395,0,0,67.85714285714286,276.1922295799092,CFAP69
GO_Biological_Process_2023,Positive Regulation Of Ubiquitin Protein Ligase Activity (GO:1904668),1/8,0.0170739515504476,0.1181704854370395,0,0,67.85714285714286,276.1922295799092,UBE2C
GO_Biological_Process_2023,Positive Regulation Of NK T Cell Activation (GO:0051135),1/8,0.0170739515504476,0.1181704854370395,0,0,67.85714285714286,276.1922295799092,IL23A
GO_Biological_Process_2023,Regulation Of T-helper 1 Type Immune Response (GO:0002825),1/8,0.0170739515504476,0.1181704854370395,0,0,67.85714285714286,276.1922295799092,IL23A
GO_Biological_Process_2023,Regulation Of Apoptotic Process (GO:0042981),5/705,0.0170902042987251,0.1181704854370395,0,0,3.619736842105264,14.7296135208441,MIEN1;WFS1;ERBB2;WNK3;KIF14
GO_Biological_Process_2023,Regulation Of Protein Metabolic Process (GO:0051246),2/96,0.0181199661721693,0.1181704854370395,0,0,10.307732226258432,41.3416426617247,PM20D2;WFS1
GO_Biological_Process_2023,Phosphatidylinositol Biosynthetic Process (GO:0006661),2/98,0.0188359622551266,0.1181704854370395,0,0,10.091971544715449,40.08518331692982,INPP4B;PGAP3
GO_Biological_Process_2023,Regulation Of Ceramide Biosynthetic Process (GO:2000303),1/9,0.01918807882344,0.1181704854370395,0,0,59.37202380952381,234.7252826710072,ORMDL3
GO_Biological_Process_2023,Negative Regulation Of Lymphocyte Apoptotic Process (GO:0070229),1/9,0.01918807882344,0.1181704854370395,0,0,59.37202380952381,234.7252826710072,ORMDL3
GO_Biological_Process_2023,Negative Regulation Of Necroptotic Process (GO:0060546),1/9,0.01918807882344,0.1181704854370395,0,0,59.37202380952381,234.7252826710072,PELI1
GO_Biological_Process_2023,Regulation Of Memory T Cell Differentiation (GO:0043380),1/9,0.01918807882344,0.1181704854370395,0,0,59.37202380952381,234.7252826710072,IL23A
GO_Biological_Process_2023,Positive Regulation Of Sodium Ion Transmembrane Transport (GO:1902307),1/9,0.01918807882344,0.1181704854370395,0,0,59.37202380952381,234.7252826710072,WNK3
GO_Biological_Process_2023,Positive Regulation Of Tissue Remodeling (GO:0034105),1/9,0.01918807882344,0.1181704854370395,0,0,59.37202380952381,234.7252826710072,IL23A
GO_Biological_Process_2023,Regulation Of Natural Killer Cell Proliferation (GO:0032817),1/9,0.01918807882344,0.1181704854370395,0,0,59.37202380952381,234.7252826710072,IL23A
GO_Biological_Process_2023,Positive Regulation Of Cell Migration (GO:0030335),3/272,0.0205754881293811,0.1202708084713782,0,0,5.489219330855018,21.31823304813044,CCNA2;GRB7;MIEN1
GO_Biological_Process_2023,Positive Regulation Of Kinase Activity (GO:0033674),2/104,0.0210545000893794,0.1202708084713782,0,0,9.495456719273076,36.65854915129776,CCNA2;ERBB2
GO_Biological_Process_2023,Steroid Hormone Mediated Signaling Pathway (GO:0043401),1/10,0.0212977650246516,0.1202708084713782,0,0,52.77248677248677,203.12938317607103,ESR1
GO_Biological_Process_2023,Negative Regulation Of Programmed Necrotic Cell Death (GO:0062099),1/10,0.0212977650246516,0.1202708084713782,0,0,52.77248677248677,203.12938317607103,PELI1
GO_Biological_Process_2023,Regulation Of Programmed Necrotic Cell Death (GO:0062098),1/10,0.0212977650246516,0.1202708084713782,0,0,52.77248677248677,203.12938317607103,PELI1
GO_Biological_Process_2023,Cell Proliferation In Forebrain (GO:0021846),1/10,0.0212977650246516,0.1202708084713782,0,0,52.77248677248677,203.12938317607103,KIF14
GO_Biological_Process_2023,Regulation Of B Cell Apoptotic Process (GO:0002902),1/10,0.0212977650246516,0.1202708084713782,0,0,52.77248677248677,203.12938317607103,ORMDL3
GO_Biological_Process_2023,Regulation Of Neuron Apoptotic Process (GO:0043523),2/105,0.0214344015097505,0.1202708084713782,0,0,9.40279422211698,36.13266366428644,WFS1;KIF14
GO_Biological_Process_2023,Response To Lipid (GO:0033993),2/110,0.0233765774126228,0.1230030434180951,0,0,8.965221318879856,33.67355706170915,PELI1;ESR1
GO_Biological_Process_2023,Exit From Mitosis (GO:0010458),1/11,0.0234030191755172,0.1230030434180951,0,0,47.49285714285714,178.3304657718936,UBE2C
GO_Biological_Process_2023,Positive Regulation Of Metaphase/Anaphase Transition Of Cell Cycle (GO:1902101),1/11,0.0234030191755172,0.1230030434180951,0,0,47.49285714285714,178.3304657718936,UBE2C
GO_Biological_Process_2023,Positive Regulation Of Mitotic Metaphase/Anaphase Transition (GO:0045842),1/11,0.0234030191755172,0.1230030434180951,0,0,47.49285714285714,178.3304657718936,UBE2C
GO_Biological_Process_2023,Regulation Of Phospholipase C Activity (GO:1900274),1/11,0.0234030191755172,0.1230030434180951,0,0,47.49285714285714,178.3304657718936,ESR1
GO_Biological_Process_2023,Carbon Dioxide Transport (GO:0015670),1/11,0.0234030191755172,0.1230030434180951,0,0,47.49285714285714,178.3304657718936,AQP5
GO_Biological_Process_2023,Mitotic Sister Chromatid Segregation (GO:0000070),2/111,0.0237734527790529,0.1230030434180951,0,0,8.882524054598344,33.21340737174598,CDCA5;KIF14
GO_Biological_Process_2023,DNA Metabolic Process (GO:0006259),3/288,0.0238698975346006,0.1230030434180951,0,0,5.176842105263158,19.336215170163214,CDC45;DONSON;MCM10
GO_Biological_Process_2023,Regulation Of Protein Serine/Threonine Kinase Activity (GO:0071900),2/112,0.0241731105482402,0.1233072810794071,0,0,8.801330376940133,32.763079049337605,CCNA2;CDC6
GO_Biological_Process_2023,Folic Acid Metabolic Process (GO:0046655),1/12,0.0255038503063682,0.1250431495603489,0,0,43.17316017316017,158.39912320457492,PM20D2
GO_Biological_Process_2023,Positive Regulation Of Sodium Ion Transmembrane Transporter Activity (GO:2000651),1/12,0.0255038503063682,0.1250431495603489,0,0,43.17316017316017,158.39912320457492,WNK3
GO_Biological_Process_2023,Positive Regulation Of Sodium Ion Transport (GO:0010765),1/12,0.0255038503063682,0.1250431495603489,0,0,43.17316017316017,158.39912320457492,WNK3
GO_Biological_Process_2023,Positive Regulation Of T-helper 1 Type Immune Response (GO:0002827),1/12,0.0255038503063682,0.1250431495603489,0,0,43.17316017316017,158.39912320457492,IL23A
GO_Biological_Process_2023,Negative Regulation Of Endoplasmic Reticulum Unfolded Protein Response (GO:1900102),1/13,0.027600267431624,0.1255687842609922,0,0,39.573412698412696,142.06577419675818,WFS1
GO_Biological_Process_2023,Positive Regulation Of Granulocyte Macrophage Colony-Stimulating Factor Production (GO:0032725),1/13,0.027600267431624,0.1255687842609922,0,0,39.573412698412696,142.06577419675818,IL23A
GO_Biological_Process_2023,ERBB2 Signaling Pathway (GO:0038128),1/13,0.027600267431624,0.1255687842609922,0,0,39.573412698412696,142.06577419675818,ERBB2
GO_Biological_Process_2023,Regulation Of Flagellated Sperm Motility (GO:1901317),1/13,0.027600267431624,0.1255687842609922,0,0,39.573412698412696,142.06577419675818,CFAP69
GO_Biological_Process_2023,Regulation Of Nitrogen Compound Metabolic Process (GO:0051171),1/13,0.027600267431624,0.1255687842609922,0,0,39.573412698412696,142.06577419675818,PM20D2
GO_Biological_Process_2023,Regulation Of Response To Endoplasmic Reticulum Stress (GO:1905897),1/13,0.027600267431624,0.1255687842609922,0,0,39.573412698412696,142.06577419675818,WFS1
GO_Biological_Process_2023,Positive Regulation Of T-helper 17 Type Immune Response (GO:2000318),1/13,0.027600267431624,0.1255687842609922,0,0,39.573412698412696,142.06577419675818,IL23A
GO_Biological_Process_2023,Regulation Of T-helper 17 Type Immune Response (GO:2000316),1/13,0.027600267431624,0.1255687842609922,0,0,39.573412698412696,142.06577419675818,IL23A
GO_Biological_Process_2023,Positive Regulation Of Histone Acetylation (GO:0035066),1/14,0.0296922795635159,0.1263688765862097,0,0,36.527472527472526,128.46230708138887,DEK
GO_Biological_Process_2023,Regulation Of Integrin Activation (GO:0033623),1/14,0.0296922795635159,0.1263688765862097,0,0,36.527472527472526,128.46230708138887,KIF14
GO_Biological_Process_2023,Positive Regulation Of Transporter Activity (GO:0032411),1/14,0.0296922795635159,0.1263688765862097,0,0,36.527472527472526,128.46230708138887,WNK3
GO_Biological_Process_2023,Renal Water Homeostasis (GO:0003091),1/14,0.0296922795635159,0.1263688765862097,0,0,36.527472527472526,128.46230708138887,WFS1
GO_Biological_Process_2023,Positive Regulation Of Adaptive Immune Response Based On Somatic Recombination Of Immune Receptors Built From Immunoglobulin Superfamily Domains (GO:0002824),1/14,0.0296922795635159,0.1263688765862097,0,0,36.527472527472526,128.46230708138887,IL23A
GO_Biological_Process_2023,Epiboly Involved In Wound Healing (GO:0090505),1/15,0.0317798956959378,0.1263688765862097,0,0,33.916666666666664,116.97591748147126,CCNA2
GO_Biological_Process_2023,Gas Transport (GO:0015669),1/15,0.0317798956959378,0.1263688765862097,0,0,33.916666666666664,116.97591748147126,AQP5
GO_Biological_Process_2023,Positive Regulation Of Mitotic Sister Chromatid Separation (GO:1901970),1/15,0.0317798956959378,0.1263688765862097,0,0,33.916666666666664,116.97591748147126,UBE2C
GO_Biological_Process_2023,Regulation Of Granulocyte Macrophage Colony-Stimulating Factor Production (GO:0032645),1/15,0.0317798956959378,0.1263688765862097,0,0,33.916666666666664,116.97591748147126,IL23A
GO_Biological_Process_2023,Positive Regulation Of Transcription By RNA Polymerase III (GO:0045945),1/15,0.0317798956959378,0.1263688765862097,0,0,33.916666666666664,116.97591748147126,DEK
GO_Biological_Process_2023,Melanosome Transport (GO:0032402),1/15,0.0317798956959378,0.1263688765862097,0,0,33.916666666666664,116.97591748147126,MLPH
GO_Biological_Process_2023,Cellular Response To Estrogen Stimulus (GO:0071391),1/15,0.0317798956959378,0.1263688765862097,0,0,33.916666666666664,116.97591748147126,ESR1
GO_Biological_Process_2023,Pigment Granule Transport (GO:0051904),1/15,0.0317798956959378,0.1263688765862097,0,0,33.916666666666664,116.97591748147126,MLPH
GO_Biological_Process_2023,Mitotic Chromosome Condensation (GO:0007076),1/15,0.0317798956959378,0.1263688765862097,0,0,33.916666666666664,116.97591748147126,CDCA5
GO_Biological_Process_2023,Negative Regulation Of DNA Replication (GO:0008156),1/15,0.0317798956959378,0.1263688765862097,0,0,33.916666666666664,116.97591748147126,CDC6
GO_Biological_Process_2023,Retrograde Axonal Transport (GO:0008090),1/15,0.0317798956959378,0.1263688765862097,0,0,33.916666666666664,116.97591748147126,TMEM108
GO_Biological_Process_2023,Establishment Of Melanosome Localization (GO:0032401),1/16,0.0338631248228564,0.1295521063298676,0,0,31.65396825396825,107.16225006283427,MLPH
GO_Biological_Process_2023,Negative Regulation Of Interleukin-10 Production (GO:0032693),1/16,0.0338631248228564,0.1295521063298676,0,0,31.65396825396825,107.16225006283427,IL23A
GO_Biological_Process_2023,Regulation Of Natural Killer Cell Activation (GO:0032814),1/16,0.0338631248228564,0.1295521063298676,0,0,31.65396825396825,107.16225006283427,IL23A
GO_Biological_Process_2023,Regulation Of Osteoblast Proliferation (GO:0033688),1/16,0.0338631248228564,0.1295521063298676,0,0,31.65396825396825,107.16225006283427,CCNA2
GO_Biological_Process_2023,Dicarboxylic Acid Catabolic Process (GO:0043649),1/16,0.0338631248228564,0.1295521063298676,0,0,31.65396825396825,107.16225006283427,PM20D2
GO_Biological_Process_2023,Negative Regulation Of Gene Expression (GO:0010629),3/336,0.0353754635311159,0.1305805600076477,0,0,4.41981981981982,14.769874628559249,GRB7;ESR1;AURKA
GO_Biological_Process_2023,Positive Regulation Of Peptidyl-Lysine Acetylation (GO:2000758),1/17,0.035941975922897,0.1305805600076477,0,0,29.674107142857142,98.6916120526478,DEK
GO_Biological_Process_2023,Intracellular Estrogen Receptor Signaling Pathway (GO:0030520),1/17,0.035941975922897,0.1305805600076477,0,0,29.674107142857142,98.6916120526478,ESR1
GO_Biological_Process_2023,Microtubule Depolymerization (GO:0007019),1/17,0.035941975922897,0.1305805600076477,0,0,29.674107142857142,98.6916120526478,KIF14
GO_Biological_Process_2023,Polyol Metabolic Process (GO:0019751),1/17,0.035941975922897,0.1305805600076477,0,0,29.674107142857142,98.6916120526478,INPP4B
GO_Biological_Process_2023,Regulation Of Ubiquitin Protein Ligase Activity (GO:1904666),1/17,0.035941975922897,0.1305805600076477,0,0,29.674107142857142,98.6916120526478,UBE2C
GO_Biological_Process_2023,Positive Regulation Of Alpha-Beta T Cell Proliferation (GO:0046641),1/17,0.035941975922897,0.1305805600076477,0,0,29.674107142857142,98.6916120526478,IL23A
GO_Biological_Process_2023,Positive Regulation Of Natural Killer Cell Activation (GO:0032816),1/18,0.0380164579400951,0.1330433563597028,0,0,27.92717086834734,91.3144790197023,IL23A
GO_Biological_Process_2023,Positive Regulation Of Osteoclast Differentiation (GO:0045672),1/18,0.0380164579400951,0.1330433563597028,0,0,27.92717086834734,91.3144790197023,IL23A
GO_Biological_Process_2023,Regulation Of Nervous System Process (GO:0031644),1/18,0.0380164579400951,0.1330433563597028,0,0,27.92717086834734,91.3144790197023,TMEM108
GO_Biological_Process_2023,Melanosome Localization (GO:0032400),1/18,0.0380164579400951,0.1330433563597028,0,0,27.92717086834734,91.3144790197023,MLPH
GO_Biological_Process_2023,Positive Regulation Of Chromosome Segregation (GO:0051984),1/18,0.0380164579400951,0.1330433563597028,0,0,27.92717086834734,91.3144790197023,CDC6
GO_Biological_Process_2023,Regulation Of Cell Adhesion (GO:0030155),2/144,0.0383541762463195,0.1330433563597028,0,0,6.806939196152525,22.19669260868441,ERBB2;KIF14
GO_Biological_Process_2023,Fluid Transport (GO:0042044),1/19,0.0400865798370342,0.1330433563597028,0,0,26.374338624338623,84.83869553971446,AQP5
GO_Biological_Process_2023,Water Transport (GO:0006833),1/19,0.0400865798370342,0.1330433563597028,0,0,26.374338624338623,84.83869553971446,AQP5
GO_Biological_Process_2023,Regulation Of Tissue Remodeling (GO:0034103),1/19,0.0400865798370342,0.1330433563597028,0,0,26.374338624338623,84.83869553971446,IL23A
GO_Biological_Process_2023,Mitotic Sister Chromatid Cohesion (GO:0007064),1/19,0.0400865798370342,0.1330433563597028,0,0,26.374338624338623,84.83869553971446,CDCA5
GO_Biological_Process_2023,Multicellular Organismal-Level Water Homeostasis (GO:0050891),1/19,0.0400865798370342,0.1330433563597028,0,0,26.374338624338623,84.83869553971446,WFS1
GO_Biological_Process_2023,Positive Regulation Of Activated T Cell Proliferation (GO:0042104),1/19,0.0400865798370342,0.1330433563597028,0,0,26.374338624338623,84.83869553971446,IL23A
GO_Biological_Process_2023,Positive Regulation Of Alpha-Beta T Cell Activation (GO:0046635),1/19,0.0400865798370342,0.1330433563597028,0,0,26.374338624338623,84.83869553971446,IL23A
GO_Biological_Process_2023,Negative Regulation Of DNA-binding Transcription Factor Activity (GO:0043433),2/149,0.0407991984080914,0.1330433563597028,0,0,6.5737514518002325,21.0300412318008,WFS1;ESR1
GO_Biological_Process_2023,DNA Unwinding Involved In DNA Replication (GO:0006268),1/20,0.0421523505298068,0.1330433563597028,0,0,24.98496240601504,79.11400474395023,CDC45
GO_Biological_Process_2023,Negative Regulation Of miRNA Transcription (GO:1902894),1/20,0.0421523505298068,0.1330433563597028,0,0,24.98496240601504,79.11400474395023,ESR1
GO_Biological_Process_2023,Positive Regulation Of Phospholipase Activity (GO:0010518),1/20,0.0421523505298068,0.1330433563597028,0,0,24.98496240601504,79.11400474395023,ESR1
GO_Biological_Process_2023,Regulation Of Necroptotic Process (GO:0060544),1/20,0.0421523505298068,0.1330433563597028,0,0,24.98496240601504,79.11400474395023,PELI1
GO_Biological_Process_2023,Cellular Response To Estradiol Stimulus (GO:0071392),1/20,0.0421523505298068,0.1330433563597028,0,0,24.98496240601504,79.11400474395023,ESR1
GO_Biological_Process_2023,Regulation Of Calcium Ion Import (GO:0090279),1/20,0.0421523505298068,0.1330433563597028,0,0,24.98496240601504,79.11400474395023,WNK3
GO_Biological_Process_2023,Endoplasmic Reticulum Calcium Ion Homeostasis (GO:0032469),1/20,0.0421523505298068,0.1330433563597028,0,0,24.98496240601504,79.11400474395023,WFS1
GO_Biological_Process_2023,Regulation Of Cellular Component Organization (GO:0051128),2/153,0.0427968515229665,0.134238571547193,0,0,6.398320142141819,20.16296702602986,KIF14;AURKA
GO_Biological_Process_2023,Negative Regulation Of miRNA Metabolic Process (GO:2000629),1/21,0.0442137789372483,0.1361460875811611,0,0,23.73452380952381,74.02130556201558,ESR1
GO_Biological_Process_2023,Anaphase-Promoting Complex-Dependent Catabolic Process (GO:0031145),1/21,0.0442137789372483,0.1361460875811611,0,0,23.73452380952381,74.02130556201558,UBE2C
GO_Biological_Process_2023,Cellular Response To Nerve Growth Factor Stimulus (GO:1990090),1/21,0.0442137789372483,0.1361460875811611,0,0,23.73452380952381,74.02130556201558,TMEM108
GO_Biological_Process_2023,Regulation Of Histone Acetylation (GO:0035065),1/22,0.0462708739577018,0.1399209062792779,0,0,22.603174603174605,69.46503881508069,DEK
GO_Biological_Process_2023,Homologous Chromosome Segregation (GO:0045143),1/22,0.0462708739577018,0.1399209062792779,0,0,22.603174603174605,69.46503881508069,MND1
GO_Biological_Process_2023,Inositol Phosphate Metabolic Process (GO:0043647),1/22,0.0462708739577018,0.1399209062792779,0,0,22.603174603174605,69.46503881508069,INPP4B
GO_Biological_Process_2023,Positive Regulation Of Protein Phosphorylation (GO:0001934),3/377,0.0471035586659724,0.1415910543233099,0,0,3.927072192513369,11.998802787638429,CCNA2;ERBB2;WNK3
GO_Biological_Process_2023,Regulation Of Centrosome Cycle (GO:0046605),1/23,0.0483236444741315,0.1435496497613908,0,0,21.57467532467533,65.36769140672365,AURKA
GO_Biological_Process_2023,Positive Regulation Of Protein Targeting To Membrane (GO:0090314),1/23,0.0483236444741315,0.1435496497613908,0,0,21.57467532467533,65.36769140672365,ERBB2
GO_Biological_Process_2023,Stress Granule Assembly (GO:0034063),1/24,0.0503720993417929,0.1461948860207208,0,0,20.63561076604555,61.66576382608654,GRB7
GO_Biological_Process_2023,Positive Regulation Of Interleukin-17 Production (GO:0032740),1/24,0.0503720993417929,0.1461948860207208,0,0,20.63561076604555,61.66576382608654,IL23A
GO_Biological_Process_2023,Positive Regulation Of Peptidyl-Threonine Phosphorylation (GO:0010800),1/24,0.0503720993417929,0.1461948860207208,0,0,20.63561076604555,61.66576382608654,WNK3
GO_Biological_Process_2023,Positive Regulation Of BMP Signaling Pathway (GO:0030513),1/24,0.0503720993417929,0.1461948860207208,0,0,20.63561076604555,61.66576382608654,CCNA2
GO_Biological_Process_2023,Sterol Transport (GO:0015918),1/25,0.0524162474254504,0.1487090165722049,0,0,19.77480158730159,58.30676717854421,STARD3
GO_Biological_Process_2023,"Wound Healing, Spreading Of Cells (GO:0044319)",1/25,0.0524162474254504,0.1487090165722049,0,0,19.77480158730159,58.30676717854421,CCNA2
GO_Biological_Process_2023,Negative Regulation Of Response To Endoplasmic Reticulum Stress (GO:1903573),1/25,0.0524162474254504,0.1487090165722049,0,0,19.77480158730159,58.30676717854421,WFS1
GO_Biological_Process_2023,Regulation Of Myelination (GO:0031641),1/25,0.0524162474254504,0.1487090165722049,0,0,19.77480158730159,58.30676717854421,KIF14
GO_Biological_Process_2023,Negative Regulation Of Insulin Receptor Signaling Pathway (GO:0046627),1/26,0.0544560975367494,0.1525576874177326,0,0,18.982857142857146,55.24695668935345,GRB7
GO_Biological_Process_2023,Regulation Of Transcription By RNA Polymerase III (GO:0006359),1/26,0.0544560975367494,0.1525576874177326,0,0,18.982857142857146,55.24695668935345,DEK
GO_Biological_Process_2023,GPI Anchor Metabolic Process (GO:0006505),1/27,0.0564916585091406,0.1525576874177326,0,0,18.251831501831504,52.44959988716816,PGAP3
GO_Biological_Process_2023,Positive Regulation Of Mitotic Cell Cycle (GO:0045931),1/27,0.0564916585091406,0.1525576874177326,0,0,18.251831501831504,52.44959988716816,AURKA
GO_Biological_Process_2023,Positive Regulation Of Ubiquitin-Protein Transferase Activity (GO:0051443),1/27,0.0564916585091406,0.1525576874177326,0,0,18.251831501831504,52.44959988716816,UBE2C
GO_Biological_Process_2023,Cellular Response To Epidermal Growth Factor Stimulus (GO:0071364),1/27,0.0564916585091406,0.1525576874177326,0,0,18.251831501831504,52.44959988716816,ERBB2
GO_Biological_Process_2023,Microtubule Polymerization Or Depolymerization (GO:0031109),1/27,0.0564916585091406,0.1525576874177326,0,0,18.251831501831504,52.44959988716816,KIF14
GO_Biological_Process_2023,Negative Regulation Of Cellular Response To Insulin Stimulus (GO:1900077),1/27,0.0564916585091406,0.1525576874177326,0,0,18.251831501831504,52.44959988716816,GRB7
GO_Biological_Process_2023,Positive Regulation Of Filopodium Assembly (GO:0051491),1/27,0.0564916585091406,0.1525576874177326,0,0,18.251831501831504,52.44959988716816,MIEN1
GO_Biological_Process_2023,Regulation Of Chromosome Segregation (GO:0051983),1/28,0.0585229391188769,0.1547334254190202,0,0,17.57495590828924,49.88363848737288,CDC6
GO_Biological_Process_2023,Protein Depolymerization (GO:0051261),1/28,0.0585229391188769,0.1547334254190202,0,0,17.57495590828924,49.88363848737288,KIF14
GO_Biological_Process_2023,Regulation Of Protein Targeting To Membrane (GO:0090313),1/28,0.0585229391188769,0.1547334254190202,0,0,17.57495590828924,49.88363848737288,ERBB2
GO_Biological_Process_2023,Positive Regulation Of Defense Response To Virus By Host (GO:0002230),1/28,0.0585229391188769,0.1547334254190202,0,0,17.57495590828924,49.88363848737288,IL23A
GO_Biological_Process_2023,Regulation Of Monoatomic Ion Transmembrane Transport (GO:0034765),1/29,0.0605499481664255,0.1561179972346702,0,0,16.946428571428573,47.52264366272739,WNK3
GO_Biological_Process_2023,Protein K11-linked Ubiquitination (GO:0070979),1/29,0.0605499481664255,0.1561179972346702,0,0,16.946428571428573,47.52264366272739,UBE2C
GO_Biological_Process_2023,mRNA Splice Site Recognition (GO:0006376),1/29,0.0605499481664255,0.1561179972346702,0,0,16.946428571428573,47.52264366272739,SRSF5
GO_Biological_Process_2023,Maintenance Of Blood-Brain Barrier (GO:0035633),1/29,0.0605499481664255,0.1561179972346702,0,0,16.946428571428573,47.52264366272739,WNK3
GO_Biological_Process_2023,Negative Regulation Of Macromolecule Metabolic Process (GO:0010605),2/186,0.0605923315999908,0.1561179972346702,0,0,5.242046659597031,14.696533528388157,ESR1;AURKA
GO_Biological_Process_2023,Positive Regulation Of Interleukin-10 Production (GO:0032733),1/30,0.0625726944066545,0.1564317360166363,0,0,16.361247947454842,45.34399265988268,IL23A
GO_Biological_Process_2023,GPI Anchor Biosynthetic Process (GO:0006506),1/30,0.0625726944066545,0.1564317360166363,0,0,16.361247947454842,45.34399265988268,PGAP3
GO_Biological_Process_2023,Homologous Chromosome Pairing At Meiosis (GO:0007129),1/30,0.0625726944066545,0.1564317360166363,0,0,16.361247947454842,45.34399265988268,MND1
GO_Biological_Process_2023,Mitotic G2 DNA Damage Checkpoint Signaling (GO:0007095),1/30,0.0625726944066545,0.1564317360166363,0,0,16.361247947454842,45.34399265988268,DONSON
GO_Biological_Process_2023,Regulation Of Vasculature Development (GO:1901342),1/30,0.0625726944066545,0.1564317360166363,0,0,16.361247947454842,45.34399265988268,ERBB2
GO_Biological_Process_2023,Response To Epidermal Growth Factor (GO:0070849),1/30,0.0625726944066545,0.1564317360166363,0,0,16.361247947454842,45.34399265988268,ERBB2
GO_Biological_Process_2023,Modification-Dependent Protein Catabolic Process (GO:0019941),2/192,0.0640614941012886,0.1568199482106065,0,0,5.0749679075738126,13.945564256744625,UBE2C;PSMD3
GO_Biological_Process_2023,Phosphorylation (GO:0016310),3/429,0.0643981473628893,0.1568199482106065,0,0,3.438556338028169,9.430826734984752,ERBB2;WNK3;AURKA
GO_Biological_Process_2023,Protein Localization To Chromatin (GO:0071168),1/31,0.0645911865897151,0.1568199482106065,0,0,15.815079365079365,43.328214060740166,ESR1
GO_Biological_Process_2023,Modulation Of Excitatory Postsynaptic Potential (GO:0098815),1/31,0.0645911865897151,0.1568199482106065,0,0,15.815079365079365,43.328214060740166,TMEM108
GO_Biological_Process_2023,Positive Regulation Of G1/S Transition Of Mitotic Cell Cycle (GO:1900087),1/31,0.0645911865897151,0.1568199482106065,0,0,15.815079365079365,43.328214060740166,CDC6
GO_Biological_Process_2023,Response To Estradiol (GO:0032355),1/31,0.0645911865897151,0.1568199482106065,0,0,15.815079365079365,43.328214060740166,ESR1
GO_Biological_Process_2023,Protein Modification Process (GO:0036211),4/711,0.0656238151503322,0.1585647208177885,0,0,2.7925869510027925,7.606494730626965,CCNA2;ERBB2;WNK3;AURKA
GO_Biological_Process_2023,Phosphatidylinositol 3-Kinase Signaling (GO:0014065),1/32,0.0666054334357438,0.1589486195146802,0,0,15.304147465437788,41.45846291696091,ERBB2
GO_Biological_Process_2023,Chromosome Condensation (GO:0030261),1/32,0.0666054334357438,0.1589486195146802,0,0,15.304147465437788,41.45846291696091,CDCA5
GO_Biological_Process_2023,Positive Regulation Of Interleukin-12 Production (GO:0032735),1/33,0.0686154436716837,0.1589486195146802,0,0,14.82514880952381,39.72009675619261,IL23A
GO_Biological_Process_2023,Positive Regulation Of Ion Transmembrane Transporter Activity (GO:0032414),1/33,0.0686154436716837,0.1589486195146802,0,0,14.82514880952381,39.72009675619261,WNK3
GO_Biological_Process_2023,Glycolipid Metabolic Process (GO:0006664),1/33,0.0686154436716837,0.1589486195146802,0,0,14.82514880952381,39.72009675619261,PGAP3
GO_Biological_Process_2023,Positive Regulation Of Nitrogen Compound Metabolic Process (GO:0051173),1/33,0.0686154436716837,0.1589486195146802,0,0,14.82514880952381,39.72009675619261,WFS1
GO_Biological_Process_2023,Positive Regulation Of Reproductive Process (GO:2000243),1/33,0.0686154436716837,0.1589486195146802,0,0,14.82514880952381,39.72009675619261,CFAP69
GO_Biological_Process_2023,Positive Regulation Of T Cell Mediated Cytotoxicity (GO:0001916),1/33,0.0686154436716837,0.1589486195146802,0,0,14.82514880952381,39.72009675619261,IL23A
GO_Biological_Process_2023,Regulation Of Activated T Cell Proliferation (GO:0046006),1/33,0.0686154436716837,0.1589486195146802,0,0,14.82514880952381,39.72009675619261,IL23A
GO_Biological_Process_2023,Regulation Of Translation (GO:0006417),2/202,0.0699894688360044,0.1606473834025505,0,0,4.818780487804878,12.815115394903914,GRB7;ERBB2
GO_Biological_Process_2023,DNA Damage Checkpoint Signaling (GO:0000077),1/34,0.0706212259710222,0.1606473834025505,0,0,14.375180375180376,38.10033066830352,DONSON
GO_Biological_Process_2023,Regulation Of Interleukin-17 Production (GO:0032660),1/34,0.0706212259710222,0.1606473834025505,0,0,14.375180375180376,38.10033066830352,IL23A
GO_Biological_Process_2023,Response To Estrogen (GO:0043627),1/34,0.0706212259710222,0.1606473834025505,0,0,14.375180375180376,38.10033066830352,ESR1
GO_Biological_Process_2023,Regulation Of MAPK Cascade (GO:0043408),2/204,0.0711962454044468,0.1612291656019984,0,0,4.770586814779039,12.605394029939813,CCNA2;ERBB2
GO_Biological_Process_2023,Liver Development (GO:0001889),1/35,0.0726227890309385,0.1615617112802817,0,0,13.951680672268909,36.58795480887935,AURKA
GO_Biological_Process_2023,One-Carbon Compound Transport (GO:0019755),1/35,0.0726227890309385,0.1615617112802817,0,0,13.951680672268909,36.58795480887935,AQP5
GO_Biological_Process_2023,Regulation Of Sodium Ion Transport (GO:0002028),1/35,0.0726227890309385,0.1615617112802817,0,0,13.951680672268909,36.58795480887935,WNK3
GO_Biological_Process_2023,Regulation Of G2/M Transition Of Mitotic Cell Cycle (GO:0010389),1/35,0.0726227890309385,0.1615617112802817,0,0,13.951680672268909,36.58795480887935,KIF14
GO_Biological_Process_2023,Substrate Adhesion-Dependent Cell Spreading (GO:0034446),1/36,0.074620141499927,0.1631306123699704,0,0,13.552380952380952,35.173101634547834,KIF14
GO_Biological_Process_2023,Positive Regulation Of Phospholipase C Activity (GO:0010863),1/36,0.074620141499927,0.1631306123699704,0,0,13.552380952380952,35.173101634547834,ESR1
GO_Biological_Process_2023,Regulation Of Peptidyl-Threonine Phosphorylation (GO:0010799),1/36,0.074620141499927,0.1631306123699704,0,0,13.552380952380952,35.173101634547834,WNK3
GO_Biological_Process_2023,Regulation Of T Cell Mediated Cytotoxicity (GO:0001914),1/36,0.074620141499927,0.1631306123699704,0,0,13.552380952380952,35.173101634547834,IL23A
GO_Biological_Process_2023,Positive Regulation Of Immune Effector Process (GO:0002699),1/37,0.0766132920442956,0.1653406516340568,0,0,13.17526455026455,33.84705294145367,IL23A
GO_Biological_Process_2023,Regulation Of Defense Response To Virus By Host (GO:0050691),1/37,0.0766132920442956,0.1653406516340568,0,0,13.17526455026455,33.84705294145367,IL23A
GO_Biological_Process_2023,Regulation Of Sodium Ion Transmembrane Transporter Activity (GO:2000649),1/37,0.0766132920442956,0.1653406516340568,0,0,13.17526455026455,33.84705294145367,WNK3
GO_Biological_Process_2023,Negative Regulation Of Epithelial Cell Apoptotic Process (GO:1904036),1/38,0.0786022492510684,0.1674858053662006,0,0,12.818532818532818,32.60207906919548,WFS1
GO_Biological_Process_2023,Positive Regulation Of Axonogenesis (GO:0050772),1/38,0.0786022492510684,0.1674858053662006,0,0,12.818532818532818,32.60207906919548,CHODL
GO_Biological_Process_2023,Positive Regulation Of Bone Mineralization (GO:0030501),1/38,0.0786022492510684,0.1674858053662006,0,0,12.818532818532818,32.60207906919548,CCNA2
GO_Biological_Process_2023,Regulation Of Monoatomic Cation Transmembrane Transport (GO:1904062),1/39,0.0805870217713491,0.1688649211391341,0,0,12.480576441102755,31.431304149217908,WNK3
GO_Biological_Process_2023,Neuron Projection Extension (GO:1990138),1/39,0.0805870217713491,0.1688649211391341,0,0,12.480576441102755,31.431304149217908,TMEM108
GO_Biological_Process_2023,Axonal Transport (GO:0098930),1/39,0.0805870217713491,0.1688649211391341,0,0,12.480576441102755,31.431304149217908,TMEM108
GO_Biological_Process_2023,Odontogenesis (GO:0042476),1/39,0.0805870217713491,0.1688649211391341,0,0,12.480576441102755,31.431304149217908,AQP5
GO_Biological_Process_2023,Positive Regulation Of Myeloid Leukocyte Differentiation (GO:0002763),1/40,0.0825676181726479,0.169822048420964,0,0,12.15995115995116,30.328592704867837,IL23A
GO_Biological_Process_2023,Protein Localization To Chromosome (GO:0034502),1/40,0.0825676181726479,0.169822048420964,0,0,12.15995115995116,30.328592704867837,ESR1
GO_Biological_Process_2023,Positive Regulation Of Protein Modification Process (GO:0031401),2/225,0.0842678134687631,0.169822048420964,0,0,4.3167450508585805,10.678570932200325,CCNA2;ERBB2
GO_Biological_Process_2023,DNA Duplex Unwinding (GO:0032508),1/41,0.0845440470313178,0.169822048420964,0,0,11.855357142857144,29.28845370168136,CDC45
GO_Biological_Process_2023,Positive Regulation Of Ossification (GO:0045778),1/41,0.0845440470313178,0.169822048420964,0,0,11.855357142857144,29.28845370168136,CCNA2
GO_Biological_Process_2023,Protein Polyubiquitination (GO:0000209),2/226,0.0849076744072486,0.169822048420964,0,0,4.297256097560975,10.597853436980037,UBE2C;PELI1
GO_Biological_Process_2023,Positive Regulation Of Cell Population Proliferation (GO:0008284),3/483,0.0850397465022878,0.169822048420964,0,0,3.04328125,7.500582127263953,CCNA2;ERBB2;KIF14
GO_Biological_Process_2023,Regulation Of Cell Growth (GO:0001558),2/227,0.0855490465826935,0.169822048420964,0,0,4.277940379403794,10.518024093643618,ERBB2;KIF14
GO_Biological_Process_2023,Chromatin Remodeling (GO:0006338),2/228,0.0861919209052378,0.169822048420964,0,0,4.258795596805526,10.439069611177414,DEK;ESR1
GO_Biological_Process_2023,Cilium Organization (GO:0044782),2/228,0.0861919209052378,0.169822048420964,0,0,4.258795596805526,10.439069611177414,CEP126;AURKA
GO_Biological_Process_2023,Regulation Of Osteoclast Differentiation (GO:0045670),1/42,0.0865163169313317,0.169822048420964,0,0,11.56562137049942,28.30595905166833,IL23A
GO_Biological_Process_2023,Negative Regulation Of I-kappaB kinase/NF-kappaB Signaling (GO:0043124),1/42,0.0865163169313317,0.169822048420964,0,0,11.56562137049942,28.30595905166833,ESR1
GO_Biological_Process_2023,Regulation Of Axonogenesis (GO:0050770),1/42,0.0865163169313317,0.169822048420964,0,0,11.56562137049942,28.30595905166833,CHODL
GO_Biological_Process_2023,Positive Regulation Of Phosphorylation (GO:0042327),2/231,0.0881294663366902,0.169822048420964,0,0,4.202364469059538,10.207326189847413,CCNA2;ERBB2
GO_Biological_Process_2023,DNA-templated DNA Replication Maintenance Of Fidelity (GO:0045005),1/43,0.0884844363791005,0.169822048420964,0,0,11.28968253968254,27.376674104260204,DONSON
GO_Biological_Process_2023,Regulation Of Filopodium Assembly (GO:0051489),1/43,0.0884844363791005,0.169822048420964,0,0,11.28968253968254,27.376674104260204,MIEN1
GO_Biological_Process_2023,Glycolipid Biosynthetic Process (GO:0009247),1/43,0.0884844363791005,0.169822048420964,0,0,11.28968253968254,27.376674104260204,PGAP3
GO_Biological_Process_2023,SCF-dependent Proteasomal Ubiquitin-Dependent Protein Catabolic Process (GO:0031146),1/43,0.0884844363791005,0.169822048420964,0,0,11.28968253968254,27.376674104260204,KIF14
GO_Biological_Process_2023,Intracellular Steroid Hormone Receptor Signaling Pathway (GO:0030518),1/43,0.0884844363791005,0.169822048420964,0,0,11.28968253968254,27.376674104260204,ESR1
GO_Biological_Process_2023,Regulation Of Primary Metabolic Process (GO:0080090),1/43,0.0884844363791005,0.169822048420964,0,0,11.28968253968254,27.376674104260204,PM20D2
GO_Biological_Process_2023,Positive Regulation Of T Cell Mediated Immunity (GO:0002711),1/43,0.0884844363791005,0.169822048420964,0,0,11.28968253968254,27.376674104260204,IL23A
GO_Biological_Process_2023,Positive Regulation Of Biomineral Tissue Development (GO:0070169),1/43,0.0884844363791005,0.169822048420964,0,0,11.28968253968254,27.376674104260204,CCNA2
GO_Biological_Process_2023,Regulation Of I-kappaB kinase/NF-kappaB Signaling (GO:0043122),2/232,0.0887782589765039,0.169822048420964,0,0,4.183881230116649,10.1317432286876,PELI1;ESR1
GO_Biological_Process_2023,Regulation Of Insulin Receptor Signaling Pathway (GO:0046626),1/44,0.0904484139238324,0.1717159738027645,0,0,11.0265780730897,26.496598090748613,GRB7
GO_Biological_Process_2023,Positive Regulation Of Osteoblast Differentiation (GO:0045669),1/44,0.0904484139238324,0.1717159738027645,0,0,11.0265780730897,26.496598090748613,CCNA2
GO_Biological_Process_2023,Protein Phosphorylation (GO:0006468),3/500,0.0920646511043347,0.1741275011921536,0,0,2.936619718309859,7.004613939883538,ERBB2;WNK3;AURKA
GO_Biological_Process_2023,Mitotic Nuclear Division (GO:0140014),1/45,0.0924082580584102,0.1741275011921536,0,0,10.7754329004329,25.66211295508556,UBE2C
GO_Biological_Process_2023,Regulation Of Interleukin-10 Production (GO:0032653),1/46,0.0943639772927112,0.175844311929222,0,0,10.535449735449737,24.86993918817013,IL23A
GO_Biological_Process_2023,Regulation Of Nervous System Development (GO:0051960),1/46,0.0943639772927112,0.175844311929222,0,0,10.535449735449737,24.86993918817013,KIF14
GO_Biological_Process_2023,Replication Fork Processing (GO:0031297),1/46,0.0943639772927112,0.175844311929222,0,0,10.535449735449737,24.86993918817013,DONSON
GO_Biological_Process_2023,Positive Regulation Of Lymphocyte Activation (GO:0051251),1/47,0.096315580073358,0.1768704288619847,0,0,10.305900621118012,24.11709761219115,IL23A
GO_Biological_Process_2023,Insulin Receptor Signaling Pathway (GO:0008286),1/47,0.096315580073358,0.1768704288619847,0,0,10.305900621118012,24.11709761219115,GRB7
GO_Biological_Process_2023,Regulation Of Signal Transduction By P53 Class Mediator (GO:1901796),1/47,0.096315580073358,0.1768704288619847,0,0,10.305900621118012,24.11709761219115,AURKA
GO_Biological_Process_2023,Secondary Alcohol Metabolic Process (GO:1902652),1/47,0.096315580073358,0.1768704288619847,0,0,10.305900621118012,24.11709761219115,STARD3
GO_Biological_Process_2023,Regulation Of ERK1 And ERK2 Cascade (GO:0070372),2/244,0.0966749050208867,0.1768870544766225,0,0,3.9739971779883088,9.2848526654137,CCNA2;ERBB2
GO_Biological_Process_2023,Post-Translational Protein Modification (GO:0043687),1/48,0.0982630748725642,0.1784994705418882,0,0,10.08611955420466,23.400876172094083,CCNA2
GO_Biological_Process_2023,Cytoplasmic Microtubule Organization (GO:0031122),1/48,0.0982630748725642,0.1784994705418882,0,0,10.08611955420466,23.400876172094083,CEP126
GO_Biological_Process_2023,Neurogenesis (GO:0022008),1/49,0.1002064701400459,0.1807295265025828,0,0,9.875496031746032,22.71880101878368,ERBB2
GO_Biological_Process_2023,Negative Regulation Of DNA Metabolic Process (GO:0051053),1/49,0.1002064701400459,0.1807295265025828,0,0,9.875496031746032,22.71880101878368,CDC6
GO_Biological_Process_2023,Regulation Of Interleukin-12 Production (GO:0032655),1/50,0.1021457742794159,0.1835715872281318,0,0,9.673469387755102,22.068611238785657,IL23A
GO_Biological_Process_2023,Positive Regulation Of Intracellular Signal Transduction (GO:1902533),3/525,0.1028240875395506,0.1837793805388227,0,0,2.7923850574712645,6.35193780754217,IL23A;ERBB2;PELI1
GO_Biological_Process_2023,Positive Regulation Of Leukocyte Mediated Cytotoxicity (GO:0001912),1/51,0.1040809957110956,0.1837793805388227,0,0,9.47952380952381,21.44823670194943,IL23A
GO_Biological_Process_2023,Positive Regulation Of Protein Localization To Cell Periphery (GO:1904377),1/51,0.1040809957110956,0.1837793805388227,0,0,9.47952380952381,21.44823670194943,WNK3
GO_Biological_Process_2023,Positive Regulation Of Protein Localization To Plasma Membrane (GO:1903078),1/51,0.1040809957110956,0.1837793805388227,0,0,9.47952380952381,21.44823670194943,WNK3
GO_Biological_Process_2023,Cholesterol Transport (GO:0030301),1/51,0.1040809957110956,0.1837793805388227,0,0,9.47952380952381,21.44823670194943,STARD3
GO_Biological_Process_2023,Negative Regulation Of Response To Stimulus (GO:0048585),1/52,0.1060121428192819,0.1852461319160463,0,0,9.293183940242765,20.85577860728659,WFS1
GO_Biological_Process_2023,Regulation Of Protein Localization To Nucleus (GO:1900180),1/52,0.1060121428192819,0.1852461319160463,0,0,9.293183940242765,20.85577860728659,ORMDL3
GO_Biological_Process_2023,Cell Cycle G1/S Phase Transition (GO:0044843),1/52,0.1060121428192819,0.1852461319160463,0,0,9.293183940242765,20.85577860728659,CCNA2
GO_Biological_Process_2023,Protein Homotetramerization (GO:0051289),1/53,0.107939223970153,0.1866757126881071,0,0,9.114010989010987,20.289492337496565,AQP5
GO_Biological_Process_2023,Mitochondrial Transport (GO:0006839),1/53,0.107939223970153,0.1866757126881071,0,0,9.114010989010987,20.289492337496565,STARD3
GO_Biological_Process_2023,Positive Regulation Of NIK/NF-kappaB Signaling (GO:1901224),1/53,0.107939223970153,0.1866757126881071,0,0,9.114010989010987,20.289492337496565,IL23A
GO_Biological_Process_2023,ERBB Signaling Pathway (GO:0038127),1/54,0.1098622475311583,0.1874339020379559,0,0,8.941599281221922,19.747772315999956,GRB7
GO_Biological_Process_2023,Protein K63-linked Ubiquitination (GO:0070534),1/54,0.1098622475311583,0.1874339020379559,0,0,8.941599281221922,19.747772315999956,PELI1
GO_Biological_Process_2023,Organelle Disassembly (GO:1903008),1/54,0.1098622475311583,0.1874339020379559,0,0,8.941599281221922,19.747772315999956,AURKA
GO_Biological_Process_2023,Peptidyl-Tyrosine Modification (GO:0018212),1/54,0.1098622475311583,0.1874339020379559,0,0,8.941599281221922,19.747772315999956,ERBB2
GO_Biological_Process_2023,Regulation Of Protein Phosphorylation (GO:0001932),2/265,0.110953973954952,0.1886591139638073,0,0,3.652786794027636,8.031162472708672,CCNA2;ERBB2
GO_Biological_Process_2023,Positive Regulation Of Tyrosine Phosphorylation Of STAT Protein (GO:0042531),1/55,0.1117812218384275,0.1887943713324611,0,0,8.77557319223986,19.22913860440414,IL23A
GO_Biological_Process_2023,Ceramide Metabolic Process (GO:0006672),1/55,0.1117812218384275,0.1887943713324611,0,0,8.77557319223986,19.22913860440414,ORMDL3
GO_Biological_Process_2023,Chromatin Organization (GO:0006325),2/268,0.1130380282559098,0.1894935920059641,0,0,3.611039794608472,7.872178635426113,DEK;ESR1
GO_Biological_Process_2023,RNA Polymerase II Preinitiation Complex Assembly (GO:0051123),1/56,0.1136961552035784,0.1894935920059641,0,0,8.615584415584415,18.73222500578713,ESR1
GO_Biological_Process_2023,Regulation Of Mitotic Nuclear Division (GO:0007088),1/56,0.1136961552035784,0.1894935920059641,0,0,8.615584415584415,18.73222500578713,AURKA
GO_Biological_Process_2023,Mitotic DNA Damage Checkpoint Signaling (GO:0044773),1/56,0.1136961552035784,0.1894935920059641,0,0,8.615584415584415,18.73222500578713,DONSON
GO_Biological_Process_2023,Membrane Lipid Biosynthetic Process (GO:0046467),1/57,0.1156070559662541,0.1895991560776313,0,0,8.461309523809524,18.255768480581505,ORMDL3
GO_Biological_Process_2023,Signal Transduction In Response To DNA Damage (GO:0042770),1/57,0.1156070559662541,0.1895991560776313,0,0,8.461309523809524,18.255768480581505,DONSON
GO_Biological_Process_2023,Positive Regulation Of Mitochondrion Organization (GO:0010822),1/58,0.1175139323807893,0.1895991560776313,0,0,8.312447786131997,17.798599724969133,AURKA
GO_Biological_Process_2023,Regulation Of Neuron Death (GO:1901214),1/58,0.1175139323807893,0.1895991560776313,0,0,8.312447786131997,17.798599724969133,KIF14
GO_Biological_Process_2023,Positive Regulation Of Type II Interferon Production (GO:0032729),1/58,0.1175139323807893,0.1895991560776313,0,0,8.312447786131997,17.798599724969133,IL23A
GO_Biological_Process_2023,Peptidyl-Threonine Phosphorylation (GO:0018107),1/58,0.1175139323807893,0.1895991560776313,0,0,8.312447786131997,17.798599724969133,WNK3
GO_Biological_Process_2023,Renal System Development (GO:0072001),1/58,0.1175139323807893,0.1895991560776313,0,0,8.312447786131997,17.798599724969133,WFS1
GO_Biological_Process_2023,Muscle Organ Development (GO:0007517),1/58,0.1175139323807893,0.1895991560776313,0,0,8.312447786131997,17.798599724969133,CHODL
GO_Biological_Process_2023,Response To Organic Cyclic Compound (GO:0014070),1/58,0.1175139323807893,0.1895991560776313,0,0,8.312447786131997,17.798599724969133,ESR1
GO_Biological_Process_2023,Regulation Of Bone Mineralization (GO:0030500),1/58,0.1175139323807893,0.1895991560776313,0,0,8.312447786131997,17.798599724969133,CCNA2
GO_Biological_Process_2023,Transcription Preinitiation Complex Assembly (GO:0070897),1/59,0.1194167927286883,0.1902381082901817,0,0,8.16871921182266,17.35963473969882,ESR1
GO_Biological_Process_2023,Negative Regulation Of Protein-Containing Complex Assembly (GO:0031333),1/59,0.1194167927286883,0.1902381082901817,0,0,8.16871921182266,17.35963473969882,KIF14
GO_Biological_Process_2023,Regulation Of miRNA Transcription (GO:1902893),1/59,0.1194167927286883,0.1902381082901817,0,0,8.16871921182266,17.35963473969882,ESR1
GO_Biological_Process_2023,Microtubule Cytoskeleton Organization Involved In Mitosis (GO:1902850),1/59,0.1194167927286883,0.1902381082901817,0,0,8.16871921182266,17.35963473969882,CEP126
GO_Biological_Process_2023,Sterol Metabolic Process (GO:0016125),1/60,0.1213156452636398,0.1926553486104972,0,0,8.029862792574656,16.937867296435986,STARD3
GO_Biological_Process_2023,Transmembrane Receptor Protein Tyrosine Kinase Signaling Pathway (GO:0007169),2/284,0.124323405855855,0.1961993377079936,0,0,3.403390416882892,7.095623164361508,GRB7;ERBB2
GO_Biological_Process_2023,Spliceosomal Complex Assembly (GO:0000245),1/62,0.1251013598850969,0.1961993377079936,0,0,7.765807962529274,16.14224910249594,SRSF5
GO_Biological_Process_2023,Protein Lipidation (GO:0006497),1/62,0.1251013598850969,0.1961993377079936,0,0,7.765807962529274,16.14224910249594,PGAP3
GO_Biological_Process_2023,Phosphatidylinositol-Mediated Signaling (GO:0048015),1/62,0.1251013598850969,0.1961993377079936,0,0,7.765807962529274,16.14224910249594,ERBB2
GO_Biological_Process_2023,Positive Regulation Of DNA-templated Transcription (GO:0045893),5/1243,0.1264223416142696,0.197657221409307,0,0,1.9895204489414164,4.11458107610507,CCNA2;ERBB2;MYBL2;DEK;ESR1
GO_Biological_Process_2023,Protein Polymerization (GO:0051258),1/63,0.1269882383786123,0.197929198707405,0,0,7.640168970814132,15.766717271599331,UBE2C
GO_Biological_Process_2023,Positive Regulation Of T Cell Differentiation (GO:0045582),1/64,0.1288711419246356,0.1996316769077944,0,0,7.518518518518518,15.40501042790611,IL23A
GO_Biological_Process_2023,Negative Regulation Of Cell Death (GO:0060548),1/64,0.1288711419246356,0.1996316769077944,0,0,7.518518518518518,15.40501042790611,WFS1
GO_Biological_Process_2023,Regulation Of Tyrosine Phosphorylation Of STAT Protein (GO:0042509),1/65,0.1307500786928151,0.2006954095436827,0,0,7.400669642857143,15.056422415612554,IL23A
GO_Biological_Process_2023,Positive Regulation Of T Cell Proliferation (GO:0042102),1/65,0.1307500786928151,0.2006954095436827,0,0,7.400669642857143,15.056422415612554,IL23A
GO_Biological_Process_2023,Positive Regulation Of Cell Cycle (GO:0045787),1/65,0.1307500786928151,0.2006954095436827,0,0,7.400669642857143,15.056422415612554,AURKA
GO_Biological_Process_2023,Peptidyl-Threonine Modification (GO:0018210),1/66,0.1326250568596398,0.2029565264064186,0,0,7.286446886446886,14.720293152785615,WNK3
GO_Biological_Process_2023,Peptidyl-Tyrosine Phosphorylation (GO:0018108),1/67,0.1344960845583085,0.2045798876564633,0,0,7.175685425685426,14.396004988536754,ERBB2
GO_Biological_Process_2023,Cholesterol Metabolic Process (GO:0008203),1/67,0.1344960845583085,0.2045798876564633,0,0,7.175685425685426,14.396004988536754,STARD3
GO_Biological_Process_2023,Regulation Of Monoatomic Ion Transmembrane Transporter Activity (GO:0032412),1/69,0.1382263210059717,0.2089948865509452,0,0,6.963935574229692,13.78067395390674,WNK3
GO_Biological_Process_2023,Response To Molecule Of Bacterial Origin (GO:0002237),1/69,0.1382263210059717,0.2089948865509452,0,0,6.963935574229692,13.78067395390674,PELI1
GO_Biological_Process_2023,Positive Regulation Of Transcription By RNA Polymerase II (GO:0045944),4/938,0.1413159126328244,0.2127006844972011,0,0,2.0889474551144787,4.087563348577392,CCNA2;MYBL2;DEK;ESR1
GO_Biological_Process_2023,Negative Regulation Of Protein Binding (GO:0032091),1/71,0.1419408528228847,0.2127006844972011,0,0,6.764285714285714,13.206218294131878,AURKA
GO_Biological_Process_2023,Kidney Development (GO:0001822),1/71,0.1419408528228847,0.2127006844972011,0,0,6.764285714285714,13.206218294131878,WFS1
GO_Biological_Process_2023,Positive Regulation Of Protein Localization To Nucleus (GO:1900182),1/72,0.1437922497074726,0.2148375328469635,0,0,6.668678739101274,12.933140394434057,ORMDL3
GO_Biological_Process_2023,DNA Replication (GO:0006260),1/73,0.1456397446182822,0.2156834927631452,0,0,6.5757275132275135,12.66892294138346,DONSON
GO_Biological_Process_2023,Ubiquitin-Dependent ERAD Pathway (GO:0030433),1/73,0.1456397446182822,0.2156834927631452,0,0,6.5757275132275135,12.66892294138346,WFS1
GO_Biological_Process_2023,Protein Tetramerization (GO:0051262),1/73,0.1456397446182822,0.2156834927631452,0,0,6.5757275132275135,12.66892294138346,AQP5
GO_Biological_Process_2023,Positive Regulation Of Lymphocyte Proliferation (GO:0050671),1/74,0.1474833455711862,0.2167645948331634,0,0,6.485322896281801,12.413167572325236,IL23A
GO_Biological_Process_2023,Regulation Of Cell Cycle G1/S Phase Transition (GO:1902806),1/74,0.1474833455711862,0.2167645948331634,0,0,6.485322896281801,12.413167572325236,KIF14
GO_Biological_Process_2023,Supramolecular Fiber Organization (GO:0097435),2/316,0.1476574665794222,0.2167645948331634,0,0,3.051576821500699,5.837239551928391,CEP126;KIF14
GO_Biological_Process_2023,Positive Regulation Of Neurogenesis (GO:0050769),1/75,0.149323060617621,0.2173145406682957,0,0,6.397361647361647,12.16549881472976,CHODL
GO_Biological_Process_2023,Regulation Of BMP Signaling Pathway (GO:0030510),1/75,0.149323060617621,0.2173145406682957,0,0,6.397361647361647,12.16549881472976,CCNA2
GO_Biological_Process_2023,Defense Response To Gram-negative Bacterium (GO:0050829),1/75,0.149323060617621,0.2173145406682957,0,0,6.397361647361647,12.16549881472976,IL23A
GO_Biological_Process_2023,Transcription Initiation At RNA Polymerase II Promoter (GO:0006367),1/76,0.15115889773631,0.2187256256642882,0,0,6.311746031746032,11.9255624938045,ESR1
GO_Biological_Process_2023,Regulation Of Ras Protein Signal Transduction (GO:0046578),1/76,0.15115889773631,0.2187256256642882,0,0,6.311746031746032,11.9255624938045,KIF14
GO_Biological_Process_2023,Sphingolipid Biosynthetic Process (GO:0030148),1/77,0.1529908649057995,0.2194897351631498,0,0,6.228383458646617,11.693024262708771,ORMDL3
GO_Biological_Process_2023,Monoatomic Cation Homeostasis (GO:0055080),1/77,0.1529908649057995,0.2194897351631498,0,0,6.228383458646617,11.693024262708771,WFS1
GO_Biological_Process_2023,Regulation Of T Cell Proliferation (GO:0042129),1/77,0.1529908649057995,0.2194897351631498,0,0,6.228383458646617,11.693024262708771,IL23A
GO_Biological_Process_2023,Positive Regulation Of Tumor Necrosis Factor Production (GO:0032760),1/78,0.1548189700762838,0.2214832291459584,0,0,6.147186147186147,11.46756825568622,IL23A
GO_Biological_Process_2023,Positive Regulation Of Protein Modification By Small Protein Conjugation Or Removal (GO:1903322),1/79,0.1566432211995875,0.2234599624457392,0,0,6.068070818070818,11.24889584627262,WFS1
GO_Biological_Process_2023,Positive Regulation Of Immune Response (GO:0050778),1/80,0.1584636262338361,0.224157230386799,0,0,5.990958408679927,11.036724504327369,IL23A
GO_Biological_Process_2023,Wound Healing (GO:0042060),1/80,0.1584636262338361,0.224157230386799,0,0,5.990958408679927,11.036724504327369,ERBB2
GO_Biological_Process_2023,Regulation Of Protein Localization To Plasma Membrane (GO:1903076),1/80,0.1584636262338361,0.224157230386799,0,0,5.990958408679927,11.036724504327369,WNK3
GO_Biological_Process_2023,Activation Of Protein Kinase Activity (GO:0032147),1/81,0.1602801930656019,0.2260935684305279,0,0,5.9157738095238095,10.830786745015452,KIF14
GO_Biological_Process_2023,Positive Regulation Of Tumor Necrosis Factor Superfamily Cytokine Production (GO:1903557),1/82,0.1620929296100477,0.2280137310670588,0,0,5.842445620223398,10.630829151935398,IL23A
GO_Biological_Process_2023,Phospholipase C-activating G Protein-Coupled Receptor Signaling Pathway (GO:0007200),1/83,0.1639018437591318,0.2286475997192309,0,0,5.770905923344948,10.43661147997999,ESR1
GO_Biological_Process_2023,Regulation Of NIK/NF-kappaB Signaling (GO:1901222),1/83,0.1639018437591318,0.2286475997192309,0,0,5.770905923344948,10.43661147997999,IL23A
GO_Biological_Process_2023,Regulation Of Cell Division (GO:0051302),1/83,0.1639018437591318,0.2286475997192309,0,0,5.770905923344948,10.43661147997999,AURKA
GO_Biological_Process_2023,Positive Regulation Of Protein Ubiquitination (GO:0031398),1/84,0.1657069433475759,0.2298686393959016,0,0,5.701090074584051,10.247905824752978,WFS1
GO_Biological_Process_2023,Regulation Of Kinase Activity (GO:0043549),1/85,0.1675082362330531,0.2298686393959016,0,0,5.632936507936508,10.064495849636533,ERBB2
GO_Biological_Process_2023,Positive Regulation Of Protein Localization (GO:1903829),1/85,0.1675082362330531,0.2298686393959016,0,0,5.632936507936508,10.064495849636533,ORMDL3
GO_Biological_Process_2023,Regulation Of Osteoblast Differentiation (GO:0045667),1/85,0.1675082362330531,0.2298686393959016,0,0,5.632936507936508,10.064495849636533,CCNA2
GO_Biological_Process_2023,mRNA Metabolic Process (GO:0016071),1/85,0.1675082362330531,0.2298686393959016,0,0,5.632936507936508,10.064495849636533,SRSF5
GO_Biological_Process_2023,Positive Regulation Of Amide Metabolic Process (GO:0034250),1/85,0.1675082362330531,0.2298686393959016,0,0,5.632936507936508,10.064495849636533,ERBB2
GO_Biological_Process_2023,Negative Regulation Of Binding (GO:0051100),1/86,0.1693057302951719,0.2317056742522001,0,0,5.5663865546218485,9.886176072320994,AURKA
GO_Biological_Process_2023,Glucose Homeostasis (GO:0042593),1/87,0.1710994333194818,0.2328981504753054,0,0,5.501384274640088,9.712751206693376,WFS1
GO_Biological_Process_2023,Regulation Of Type II Interferon Production (GO:0032649),1/87,0.1710994333194818,0.2328981504753054,0,0,5.501384274640088,9.712751206693376,IL23A
GO_Biological_Process_2023,Regulation Of Double-Strand Break Repair (GO:2000779),1/88,0.1728893531138499,0.2334468538034605,0,0,5.437876299945265,9.544035544311454,DEK
GO_Biological_Process_2023,Positive Regulation Of Plasma Membrane Bounded Cell Projection Assembly (GO:0120034),1/88,0.1728893531138499,0.2334468538034605,0,0,5.437876299945265,9.544035544311454,MIEN1
GO_Biological_Process_2023,Positive Regulation Of Cell Adhesion (GO:0045785),1/88,0.1728893531138499,0.2334468538034605,0,0,5.437876299945265,9.544035544311454,ERBB2
GO_Biological_Process_2023,ERAD Pathway (GO:0036503),1/89,0.1746754974797397,0.2346040591150759,0,0,5.375811688311688,9.379852384352931,WFS1
GO_Biological_Process_2023,Sensory Perception Of Mechanical Stimulus (GO:0050954),1/89,0.1746754974797397,0.2346040591150759,0,0,5.375811688311688,9.379852384352931,WFS1
GO_Biological_Process_2023,Regulation Of Peptidyl-Tyrosine Phosphorylation (GO:0050730),1/90,0.1764578741938549,0.2363693009758534,0,0,5.3151417870519,9.220033503106164,IL23A
GO_Biological_Process_2023,Regulation Of Epithelial Cell Proliferation (GO:0050678),1/91,0.1782364909946805,0.2374918943332814,0,0,5.2558201058201055,9.064418660017266,ERBB2
GO_Biological_Process_2023,Positive Regulation Of MAP Kinase Activity (GO:0043406),1/91,0.1782364909946805,0.2374918943332814,0,0,5.2558201058201055,9.064418660017266,ERBB2
GO_Biological_Process_2023,Steroid Metabolic Process (GO:0008202),1/92,0.1800113556248347,0.2385977285840985,0,0,5.197802197802198,8.91285513593522,STARD3
GO_Biological_Process_2023,Sensory Perception Of Sound (GO:0007605),1/92,0.1800113556248347,0.2385977285840985,0,0,5.197802197802198,8.91285513593522,WFS1
GO_Biological_Process_2023,Sphingolipid Metabolic Process (GO:0006665),1/94,0.1835498593117192,0.2420174385180633,0,0,5.085509472606247,8.621306230224262,ORMDL3
GO_Biological_Process_2023,Cellular Response To Hormone Stimulus (GO:0032870),1/94,0.1835498593117192,0.2420174385180633,0,0,5.085509472606247,8.621306230224262,ESR1
GO_Biological_Process_2023,Positive Regulation Of Transmembrane Receptor Protein Serine/Threonine Kinase Signaling Pathway (GO:0090100),1/95,0.1853135137833423,0.2437065741161143,0,0,5.031155015197569,8.481049298556284,CCNA2
GO_Biological_Process_2023,Negative Regulation Of Macromolecule Biosynthetic Process (GO:0010558),1/98,0.1905821797563973,0.2499844176025471,0,0,4.87481590574374,8.080844796889387,GRB7
GO_Biological_Process_2023,Cellular Response To Insulin Stimulus (GO:0032869),1/99,0.1923309947723218,0.2516247470466904,0,0,4.824829931972789,7.953912881527455,GRB7
GO_Biological_Process_2023,Visual Perception (GO:0007601),1/101,0.1958175600852756,0.2555242063128274,0,0,4.727857142857143,7.709110858366568,WFS1
GO_Biological_Process_2023,Calcium Ion Homeostasis (GO:0055074),1/102,0.1975553255717607,0.2564664252281213,0,0,4.6808109382366805,7.591042436779819,WFS1
GO_Biological_Process_2023,Sensory Perception Of Light Stimulus (GO:0050953),1/102,0.1975553255717607,0.2564664252281213,0,0,4.6808109382366805,7.591042436779819,WFS1
GO_Biological_Process_2023,Positive Regulation Of Inflammatory Response (GO:0050729),1/104,0.2010198600663773,0.2602949470090271,0,0,4.589459084604716,7.363105885558578,IL23A
GO_Biological_Process_2023,Regulation Of G1/S Transition Of Mitotic Cell Cycle (GO:2000045),1/106,0.2044697829355108,0.2634113275062065,0,0,4.501587301587302,7.145527417540153,KIF14
GO_Biological_Process_2023,Positive Regulation Of Cell Growth (GO:0030307),1/106,0.2044697829355108,0.2634113275062065,0,0,4.501587301587302,7.145527417540153,ERBB2
GO_Biological_Process_2023,Negative Regulation Of Translation (GO:0017148),1/107,0.2061892837983776,0.2636090843498246,0,0,4.458894878706199,7.04041968388812,GRB7
GO_Biological_Process_2023,Positive Regulation Of T Cell Activation (GO:0050870),1/107,0.2061892837983776,0.2636090843498246,0,0,4.458894878706199,7.04041968388812,IL23A
GO_Biological_Process_2023,Positive Regulation Of Autophagy (GO:0010508),1/107,0.2061892837983776,0.2636090843498246,0,0,4.458894878706199,7.04041968388812,ORMDL3
GO_Biological_Process_2023,Glycerophospholipid Biosynthetic Process (GO:0046474),1/108,0.2079051543056224,0.2644637353257918,0,0,4.417000445037829,6.937664630615158,INPP4B
GO_Biological_Process_2023,Positive Regulation Of Translation (GO:0045727),1/108,0.2079051543056224,0.2644637353257918,0,0,4.417000445037829,6.937664630615158,ERBB2
GO_Biological_Process_2023,Double-Strand Break Repair Via Homologous Recombination (GO:0000724),1/111,0.2130310583523425,0.2703032273063643,0,0,4.295887445887446,6.642805119566827,CDC45
GO_Biological_Process_2023,Small GTPase Mediated Signal Transduction (GO:0007264),1/112,0.2147324820693924,0.271779206629181,0,0,4.256971256971257,6.548764072815388,CCNA2
GO_Biological_Process_2023,Regulation Of Protein Ubiquitination (GO:0031396),1/113,0.216430312660061,0.2732432697333271,0,0,4.21875,6.456740617261403,WFS1
GO_Biological_Process_2023,Regulation Of MAP Kinase Activity (GO:0043405),1/114,0.2181245575317231,0.2740121929192045,0,0,4.181205225453013,6.366675264315155,ERBB2
GO_Biological_Process_2023,Response To Endoplasmic Reticulum Stress (GO:0034976),1/114,0.2181245575317231,0.2740121929192045,0,0,4.181205225453013,6.366675264315155,WFS1
GO_Biological_Process_2023,Positive Regulation Of Protein Serine/Threonine Kinase Activity (GO:0071902),1/117,0.2231858518840976,0.2796745786636955,0,0,4.072454844006568,6.107665936441771,ERBB2
GO_Biological_Process_2023,Regulation Of Protein Binding (GO:0043393),1/118,0.2248658277536979,0.2803882543595493,0,0,4.037444037444037,6.024881419359348,AURKA
GO_Biological_Process_2023,Positive Regulation Of Cell Projection Organization (GO:0031346),1/118,0.2248658277536979,0.2803882543595493,0,0,4.037444037444037,6.024881419359348,CHODL
GO_Biological_Process_2023,Regulation Of Protein Kinase Activity (GO:0045859),1/119,0.2265422547386396,0.2814820857175059,0,0,4.003026634382566,5.9437892040372455,CCNA2
GO_Biological_Process_2023,Regulation Of Cell Population Proliferation (GO:0042127),3/766,0.2268578393802472,0.2814820857175059,0,0,1.886697247706422,2.79878653558504,ERBB2;KIF14;CDC6
GO_Biological_Process_2023,Positive Regulation Of Macromolecule Biosynthetic Process (GO:0010557),1/122,0.2315503155166545,0.2851203439447971,0,0,3.90318772136954,5.710200028113294,ERBB2
GO_Biological_Process_2023,Receptor-Mediated Endocytosis (GO:0006898),1/122,0.2315503155166545,0.2851203439447971,0,0,3.90318772136954,5.710200028113294,TMEM108
GO_Biological_Process_2023,Organonitrogen Compound Biosynthetic Process (GO:1901566),1/123,0.2332126200008682,0.2851203439447971,0,0,3.870999219359875,5.635418893350087,ORMDL3
GO_Biological_Process_2023,Modulation Of Chemical Synaptic Transmission (GO:0050804),1/123,0.2332126200008682,0.2851203439447971,0,0,3.870999219359875,5.635418893350087,TMEM108
GO_Biological_Process_2023,Positive Regulation Of Epithelial Cell Proliferation (GO:0050679),1/123,0.2332126200008682,0.2851203439447971,0,0,3.870999219359875,5.635418893350087,ERBB2
GO_Biological_Process_2023,Regulation Of Cell Motility (GO:2000145),1/123,0.2332126200008682,0.2851203439447971,0,0,3.870999219359875,5.635418893350087,KIF14
GO_Biological_Process_2023,Regulation Of DNA Metabolic Process (GO:0051052),1/124,0.2348714120416546,0.2851203439447971,0,0,3.839334107626791,5.562108964344489,CCNA2
GO_Biological_Process_2023,Positive Regulation Of Defense Response (GO:0031349),1/124,0.2348714120416546,0.2851203439447971,0,0,3.839334107626791,5.562108964344489,IL23A
GO_Biological_Process_2023,Enzyme-Linked Receptor Protein Signaling Pathway (GO:0007167),1/124,0.2348714120416546,0.2851203439447971,0,0,3.839334107626791,5.562108964344489,ERBB2
GO_Biological_Process_2023,Regulation Of Mitotic Cell Cycle (GO:0007346),1/125,0.2365266989217314,0.2864412061282359,0,0,3.808179723502304,5.490230564999063,AURKA
GO_Biological_Process_2023,Positive Regulation Of Intracellular Protein Transport (GO:0090316),1/126,0.2381784878120882,0.2877515223567094,0,0,3.7775238095238097,5.41974538710737,ERBB2
GO_Biological_Process_2023,Regulation Of Tumor Necrosis Factor Production (GO:0032680),1/127,0.2398267859563774,0.2883631593046919,0,0,3.747354497354497,5.350616430106396,IL23A
GO_Biological_Process_2023,Regulation Of Anatomical Structure Morphogenesis (GO:0022603),1/127,0.2398267859563774,0.2883631593046919,0,0,3.747354497354497,5.350616430106396,ERBB2
GO_Biological_Process_2023,Protein Homooligomerization (GO:0051260),1/129,0.2431129388323608,0.2909289907828014,0,0,3.688430059523809,5.216285399224581,AQP5
GO_Biological_Process_2023,Regulation Of DNA Repair (GO:0006282),1/129,0.2431129388323608,0.2909289907828014,0,0,3.688430059523809,5.216285399224581,DEK
GO_Biological_Process_2023,Positive Regulation Of Peptidyl-Tyrosine Phosphorylation (GO:0050731),1/130,0.2447508079156754,0.2915074481071135,0,0,3.659653008490218,5.1510153938830125,IL23A
GO_Biological_Process_2023,Regulation Of Cell Cycle Process (GO:0010564),1/130,0.2447508079156754,0.2915074481071135,0,0,3.659653008490218,5.1510153938830125,AURKA
GO_Biological_Process_2023,Plasma Membrane Bounded Cell Projection Organization (GO:0120036),1/132,0.2480161670641776,0.2940097755103513,0,0,3.6034169392948017,5.024104948978747,TMEM108
GO_Biological_Process_2023,Circulatory System Development (GO:0072359),1/132,0.2480161670641776,0.2940097755103513,0,0,3.6034169392948017,5.024104948978747,CACYBP
GO_Biological_Process_2023,Non-Membrane-Bounded Organelle Assembly (GO:0140694),1/135,0.2528883654791728,0.2990834298992559,0,0,3.5222103766879886,4.842359942035553,GRB7
GO_Biological_Process_2023,Protein Localization To Plasma Membrane (GO:0072659),1/137,0.2561193536495746,0.3014924792378443,0,0,3.470063025210084,4.72661350869186,WNK3
GO_Biological_Process_2023,Negative Regulation Of Cellular Biosynthetic Process (GO:0031327),1/137,0.2561193536495746,0.3014924792378443,0,0,3.470063025210084,4.72661350869186,GRB7
GO_Biological_Process_2023,Intracellular Calcium Ion Homeostasis (GO:0006874),1/139,0.2593366925673939,0.3045698366198463,0,0,3.4194271911663217,4.614954989629512,WFS1
GO_Biological_Process_2023,Protein Localization To Cell Periphery (GO:1990778),1/142,0.2641372315353104,0.3094879395019299,0,0,3.3461668355285377,4.454706716389069,WNK3
GO_Biological_Process_2023,Positive Regulation Of Transferase Activity (GO:0051347),1/143,0.2657306473894262,0.3106342058603246,0,0,3.3224346076458757,4.403129846492805,ERBB2
GO_Biological_Process_2023,Ras Protein Signal Transduction (GO:0007265),1/144,0.2673206929590607,0.3117712469845858,0,0,3.299034299034299,4.352436550206619,CCNA2
GO_Biological_Process_2023,Positive Regulation Of Cellular Catabolic Process (GO:0031331),1/146,0.270490701152461,0.3147414840598913,0,0,3.25320197044335,4.253618695431856,ORMDL3
GO_Biological_Process_2023,Negative Regulation Of Protein Metabolic Process (GO:0051248),1/147,0.272070677618388,0.3158521659707723,0,0,3.230756686236138,4.205454662763331,GRB7
GO_Biological_Process_2023,Neuron Development (GO:0048666),1/150,0.276790579535935,0.3198609671982773,0,0,3.1652285075103865,4.065717309137326,TMEM108
GO_Biological_Process_2023,protein-RNA Complex Assembly (GO:0022618),1/150,0.276790579535935,0.3198609671982773,0,0,3.1652285075103865,4.065717309137326,SRSF5
GO_Biological_Process_2023,Cellular Response To Organic Cyclic Compound (GO:0071407),1/152,0.2799205601071776,0.3227394585710609,0,0,3.1229895931882687,3.976344719329917,ESR1
GO_Biological_Process_2023,Positive Regulation Of Response To External Stimulus (GO:0032103),1/155,0.2845907369324476,0.3266325503429228,0,0,3.061688311688312,3.8476333196795687,IL23A
GO_Biological_Process_2023,Cellular Response To Growth Factor Stimulus (GO:0071363),1/155,0.2845907369324476,0.3266325503429228,0,0,3.061688311688312,3.8476333196795687,ERBB2
GO_Biological_Process_2023,Peptidyl-Serine Phosphorylation (GO:0018105),1/158,0.2892313245785877,0.3312059385763873,0,0,3.002729754322111,3.7249717779080185,AURKA
GO_Biological_Process_2023,Response To Lipopolysaccharide (GO:0032496),1/159,0.2907716433943443,0.3322164703939906,0,0,2.9835744424352018,3.6853620226618986,PELI1
GO_Biological_Process_2023,Regulation Of Macromolecule Metabolic Process (GO:0060255),1/162,0.2953730632759782,0.336711957007605,0,0,2.927536231884058,3.570177569075536,PM20D2
GO_Biological_Process_2023,Peptidyl-Serine Modification (GO:0018209),1/166,0.3014629550579916,0.3428801628474904,0,0,2.855988455988456,3.4246390029225693,AURKA
GO_Biological_Process_2023,Double-Strand Break Repair (GO:0006302),1/168,0.304488592033136,0.3455432336555813,0,0,2.821499857428001,3.355106586032587,CDCA5
GO_Biological_Process_2023,Heart Development (GO:0007507),1/171,0.3090030607422633,0.3498801472530112,0,0,2.7712885154061624,3.254612585959557,CACYBP
GO_Biological_Process_2023,Generation Of Neurons (GO:0048699),1/172,0.3105015135935999,0.3507903005923221,0,0,2.7549429128376497,3.222088948319759,ERBB2
GO_Biological_Process_2023,Neuron Differentiation (GO:0030182),1/173,0.31199679241107,0.3516928128740855,0,0,2.7387873754152823,3.1900364796807583,ERBB2
GO_Biological_Process_2023,Positive Regulation Of Cellular Biosynthetic Process (GO:0031328),1/174,0.3134889037296047,0.3525877425021167,0,0,2.722818607211671,3.1584459348819887,ERBB2
GO_Biological_Process_2023,Positive Regulation Of I-kappaB kinase/NF-kappaB Signaling (GO:0043123),1/175,0.3149778541190525,0.3534751474002701,0,0,2.7070333880678707,3.1273082992251062,PELI1
GO_Biological_Process_2023,Positive Regulation Of Hydrolase Activity (GO:0051345),1/176,0.3164636501307451,0.3543550849579296,0,0,2.6914285714285717,3.096614781938404,ERBB2
GO_Biological_Process_2023,Negative Regulation Of Cytokine Production (GO:0001818),1/178,0.319425804980454,0.3568806006971887,0,0,2.660747914985203,3.036526019954649,IL23A
GO_Biological_Process_2023,Negative Regulation Of Cellular Process (GO:0048523),2/537,0.3216880531347175,0.3585893993766774,0,0,1.7708684750398906,2.00847117922908,WFS1;CDC6
GO_Biological_Process_2023,"RNA Splicing, Via Transesterification Reactions With Bulged Adenosine As Nucleophile (GO:0000377)",1/180,0.3223754204297258,0.3585893993766774,0,0,2.630752859803139,2.978113549215391,SRSF5
GO_Biological_Process_2023,RNA Processing (GO:0006396),1/183,0.3267764453409047,0.3626859448289162,0,0,2.586996336996337,2.893501063781585,SRSF5
GO_Biological_Process_2023,Phosphate-Containing Compound Metabolic Process (GO:0006796),1/184,0.3282372398974537,0.363508346816259,0,0,2.5727296383034086,2.866068771920935,INPP4B
GO_Biological_Process_2023,Endocytosis (GO:0006897),1/189,0.335494898412378,0.3707328746132405,0,0,2.5036727456940224,2.73438250533161,TMEM108
GO_Biological_Process_2023,Transcription By RNA Polymerase II (GO:0006366),1/192,0.3398126714804756,0.3730552154296526,0,0,2.463974071303914,2.6595169741311544,DEK
GO_Biological_Process_2023,Neuron Projection Development (GO:0031175),1/192,0.3398126714804756,0.3730552154296526,0,0,2.463974071303914,2.6595169741311544,TMEM108
GO_Biological_Process_2023,Protein Localization To Membrane (GO:0072657),1/192,0.3398126714804756,0.3730552154296526,0,0,2.463974071303914,2.6595169741311544,WNK3
GO_Biological_Process_2023,Regulation Of Signal Transduction (GO:0009966),1/193,0.341245830243863,0.3738159311782014,0,0,2.451016865079365,2.6352160561548885,TMEM108
GO_Biological_Process_2023,Regulation Of Programmed Cell Death (GO:0043067),1/195,0.3441030371345266,0.3761299431881731,0,0,2.4255031909671083,2.587561100505995,WFS1
GO_Biological_Process_2023,DNA-templated Transcription (GO:0006351),1/199,0.3497811842718792,0.3815107949401707,0,0,2.376022126022126,2.495886520768742,DEK
GO_Biological_Process_2023,Organic Substance Transport (GO:0071702),1/201,0.3526022244347344,0.3837588865076312,0,0,2.3520238095238097,2.4517841946791843,AQP5
GO_Biological_Process_2023,Defense Response To Bacterium (GO:0042742),1/204,0.3568113827574816,0.3875048350376951,0,0,2.316912972085386,2.3876899749654306,IL23A
GO_Biological_Process_2023,Regulation Of Angiogenesis (GO:0045765),1/205,0.3582084863946383,0.3881873082173656,0,0,2.305438842203548,2.3668559585674327,ERBB2
GO_Biological_Process_2023,Protein Stabilization (GO:0050821),1/208,0.362382036016648,0.391869225242842,0,0,2.2716816195077065,2.305884683892917,WFS1
GO_Biological_Process_2023,"mRNA Splicing, Via Spliceosome (GO:0000398)",1/211,0.3665290723237526,0.3947554739395226,0,0,2.238888888888889,2.2471222608082235,SRSF5
GO_Biological_Process_2023,Positive Regulation Of Cellular Process (GO:0048522),2/594,0.3666144896586853,0.3947554739395226,0,0,1.5956657877389584,1.6011619307645168,ERBB2;KIF14
GO_Biological_Process_2023,mRNA Processing (GO:0006397),1/214,0.3706497597225184,0.3974057933330611,0,0,2.2070198971607424,2.190462185336013,SRSF5
GO_Biological_Process_2023,Regulation Of GTPase Activity (GO:0043087),1/214,0.3706497597225184,0.3974057933330611,0,0,2.2070198971607424,2.190462185336013,ERBB2
GO_Biological_Process_2023,Cellular Response To Lipid (GO:0071396),1/228,0.3895360191733778,0.4167705289884656,0,0,2.069435703796937,1.9510617931816177,ESR1
GO_Biological_Process_2023,Negative Regulation Of Intracellular Signal Transduction (GO:1902532),1/231,0.3935104545699349,0.4201327263378798,0,0,2.0421325051759838,1.90459006829998,ESR1
GO_Biological_Process_2023,Positive Regulation Of Developmental Process (GO:0051094),1/233,0.3961460253300412,0.4220543096870692,0,0,2.0243226600985222,1.874466881309913,AURKA
GO_Biological_Process_2023,Positive Regulation Of GTPase Activity (GO:0043547),1/234,0.3974596122530208,0.4225623246058432,0,0,2.0155323932147966,1.859655057170254,ERBB2
GO_Biological_Process_2023,Regulation Of Inflammatory Response (GO:0050727),1/240,0.4052827212375678,0.4299743155986802,0,0,1.964335525004981,1.7741296592039066,IL23A
GO_Biological_Process_2023,Regulation Of Autophagy (GO:0010506),1/241,0.4065768910218075,0.4304430397610331,0,0,1.9560515873015876,1.7604116383873638,ORMDL3
GO_Biological_Process_2023,Cilium Assembly (GO:0060271),1/243,0.4091569836572736,0.4322683613952368,0,0,1.939689098780008,1.733415525651116,CEP126
GO_Biological_Process_2023,Positive Regulation Of DNA-binding Transcription Factor Activity (GO:0051091),1/246,0.4130065904794592,0.4354244847434799,0,0,1.915646258503401,1.693990141262622,ESR1
GO_Biological_Process_2023,Positive Regulation Of Signal Transduction (GO:0009967),1/266,0.4380517622653311,0.4608669582166504,0,0,1.7692722371967655,1.4603894998526634,TMEM108
GO_Biological_Process_2023,Negative Regulation Of Signal Transduction (GO:0009968),1/267,0.4392762339817574,0.4611943828706601,0,0,1.762531328320802,1.4499055579988582,GRB7
GO_Biological_Process_2023,Regulation Of Transcription By RNA Polymerase II (GO:0006357),5/2028,0.4448594479744043,0.4660871809690336,0,0,1.1664541977781824,0.9448242771407188,CCNA2;WFS1;MYBL2;DEK;ESR1
GO_Biological_Process_2023,Plasma Membrane Bounded Cell Projection Assembly (GO:0120031),1/275,0.4489786390113937,0.469429011802803,0,0,1.7103753910323254,1.369634349114005,CEP126
GO_Biological_Process_2023,Positive Regulation Of Cell Differentiation (GO:0045597),1/283,0.4585169975730474,0.4784113301123738,0,0,1.661178655859507,1.2953172065302805,CCNA2
GO_Biological_Process_2023,DNA Repair (GO:0006281),1/291,0.4678940183994644,0.4871886170963496,0,0,1.6146962233169129,1.2263835236892464,CDCA5
GO_Biological_Process_2023,Regulation Of Intracellular Signal Transduction (GO:1902531),1/297,0.4748225109749182,0.4933855309513039,0,0,1.581483268983269,1.1779112051028695,AURKA
GO_Biological_Process_2023,Positive Regulation Of MAPK Cascade (GO:0043410),1/310,0.4895333217581785,0.5076269558272694,0,0,1.5139466789952227,1.0814162705247774,ERBB2
GO_Biological_Process_2023,Negative Regulation Of Transcription By RNA Polymerase II (GO:0000122),2/763,0.4922071348583233,0.5093536948841255,0,0,1.230473382263389,0.8722280033820975,WFS1;ESR1
GO_Biological_Process_2023,Positive Regulation Of Cytokine Production (GO:0001819),1/320,0.5005747027789447,0.5169534251602599,0,0,1.4657411553963278,1.0142905857415276,IL23A
GO_Biological_Process_2023,Organelle Assembly (GO:0070925),1/322,0.5027548166802547,0.5181452702520992,0,0,1.45646046580626,1.0015389276364557,CEP126
GO_Biological_Process_2023,Proteolysis (GO:0006508),1/330,0.5113826947751127,0.5259638714082117,0,0,1.420466058763931,0.9526171752575108,PM20D2
GO_Biological_Process_2023,Positive Regulation Of Macromolecule Metabolic Process (GO:0010604),1/364,0.5464482105952175,0.5597491812385088,0,0,1.2851895579168306,0.7766602806144374,WFS1
GO_Biological_Process_2023,Protein Modification By Small Protein Conjugation (GO:0032446),1/364,0.5464482105952175,0.5597491812385088,0,0,1.2851895579168306,0.7766602806144374,UBE2C
GO_Biological_Process_2023,Negative Regulation Of Cell Population Proliferation (GO:0008285),1/379,0.5611252956654169,0.5736199884838776,0,0,1.2332451499118169,0.7125826811007159,CDC6
GO_Biological_Process_2023,DNA Damage Response (GO:0006974),1/384,0.565913770547096,0.5773463719722898,0,0,1.216834514484645,0.6927603908833613,MCM10
GO_Biological_Process_2023,Positive Regulation Of Multicellular Organismal Process (GO:0051240),1/387,0.5687623201412028,0.579082604176023,0,0,1.207192203306193,0.6812096840404314,IL23A
GO_Biological_Process_2023,Cellular Response To Oxygen-Containing Compound (GO:1901701),1/406,0.5863837646348768,0.5958225375062632,0,0,1.1494415049970603,0.6135498236718993,ESR1
GO_Biological_Process_2023,Nervous System Development (GO:0007399),1/433,0.6102204271770184,0.6184246144092744,0,0,1.076113315696649,0.531530064012969,ERBB2
GO_Biological_Process_2023,Protein Ubiquitination (GO:0016567),1/434,0.6110769952281742,0.6184246144092744,0,0,1.073573078192016,0.52876943099681,UBE2C
GO_Biological_Process_2023,Regulation Of Nucleic Acid-Templated Transcription (GO:1903506),1/452,0.6261845071875887,0.6324463522594646,0,0,1.0297751029458346,0.482048241127263,ESR1
GO_Biological_Process_2023,Positive Regulation Of Gene Expression (GO:0010628),1/480,0.6485525948435372,0.6537306594730266,0,0,0.9681876926135798,0.419237059759495,ERBB2
GO_Biological_Process_2023,Negative Regulation Of DNA-templated Transcription (GO:0045892),2/1025,0.6543441799693649,0.658254603355636,0,0,0.9028443363612522,0.3829159622491601,WFS1;ESR1
GO_Biological_Process_2023,Positive Regulation Of Nucleic Acid-Templated Transcription (GO:1903508),1/557,0.7035374296782093,0.7063347952037689,0,0,0.8308067831449126,0.2921400776309139,ESR1
GO_Biological_Process_2023,Regulation Of Gene Expression (GO:0010468),2/1127,0.7057002722191105,0.7071004711719262,0,0,0.8165636856368563,0.2846252558902857,ESR1;AURKA
GO_Biological_Process_2023,Regulation Of DNA-templated Transcription (GO:0006355),2/1922,0.9279038903159752,0.9279038903159752,0,0,0.4582571138211382,0.0342900591436001,DEK;ESR1
Reactome_2022,Cell Cycle R-HSA-1640170,11/654,9.320820515670153e-08,1.8656253122355872e-05,0,0,10.325330482115085,167.1508905726073,CCNA2;CDC45;UBE2C;CDCA5;PSMD3;MCM10;MYBL2;MND1;CENPN;CDC6;AURKA
Reactome_2022,"Cell Cycle, Mitotic R-HSA-69278",10/523,1.2114450079451865e-07,1.8656253122355872e-05,0,0,11.4856163978971,182.9231631977227,CCNA2;CDC45;UBE2C;CDCA5;PSMD3;MCM10;MYBL2;CENPN;CDC6;AURKA
Reactome_2022,Mitotic G1 Phase And G1/S Transition R-HSA-453279,6/147,6.933123617866674e-07,6.062686102708792e-05,0,0,22.790109258194363,323.2044342024689,CCNA2;CDC45;PSMD3;MCM10;MYBL2;CDC6
Reactome_2022,DNA Replication R-HSA-69306,6/155,9.4588478154147e-07,6.062686102708792e-05,0,0,21.55777253763831,299.03099027122727,CCNA2;CDC45;UBE2C;PSMD3;MCM10;CDC6
Reactome_2022,Transcriptional Regulation By AP-2 (TFAP2) Family Of Transcription Factors R-HSA-8864260,4/36,1.0375070698832753e-06,6.062686102708792e-05,0,0,63.86217948717949,879.9371592230771,ERBB2;MYBL2;DEK;ESR1
Reactome_2022,S Phase R-HSA-69242,6/161,1.1810427472809337e-06,6.062686102708792e-05,0,0,20.71700087183958,282.7686823071554,CCNA2;CDC45;UBE2C;CDCA5;PSMD3;CDC6
Reactome_2022,Cell Cycle Checkpoints R-HSA-69620,7/271,1.6482379362119549e-06,7.252246919332602e-05,0,0,14.50452441077441,193.13940065886683,CCNA2;CDC45;UBE2C;PSMD3;MCM10;CENPN;CDC6
Reactome_2022,Synthesis Of DNA R-HSA-69239,5/119,5.505465709096386e-06,0.00021196042980021085,0,0,22.902816251154203,277.34781869162896,CCNA2;CDC45;UBE2C;PSMD3;CDC6
Reactome_2022,DNA Replication Pre-Initiation R-HSA-69002,5/127,7.5671374806820914e-06,0.0002515240533683476,0,0,21.392364106988783,252.25224789523213,CDC45;UBE2C;PSMD3;MCM10;CDC6
Reactome_2022,G1/S Transition R-HSA-69206,5/129,8.166365369102194e-06,0.0002515240533683476,0,0,21.045203735144312,246.55480284458207,CCNA2;CDC45;PSMD3;MCM10;CDC6
Reactome_2022,CDK-mediated Phosphorylation And Removal Of Cdc6 R-HSA-69017,4/72,1.7131494663969202e-05,0.0004796818505911377,0,0,29.998491704374057,329.2212069287722,CCNA2;UBE2C;PSMD3;CDC6
Reactome_2022,G0 And Early G1 R-HSA-1538133,3/27,2.61180921457383e-05,0.0006703643650739498,0,0,62.290625,657.345633901167,CCNA2;MYBL2;CDC6
Reactome_2022,APC/C-mediated Degradation Of Cell Cycle Proteins R-HSA-174143,4/87,3.620952167630956e-05,0.000857887128946411,0,0,24.55854185974668,251.1402769673001,CCNA2;UBE2C;PSMD3;AURKA
Reactome_2022,Switching Of Origins To A Post-Replicative State R-HSA-69052,4/90,4.1372485570569074e-05,0.0008655807956675063,0,0,23.698270721526537,239.18414617319192,CCNA2;UBE2C;PSMD3;CDC6
Reactome_2022,Activation Of Pre-Replicative Complex R-HSA-68962,3/32,4.395866073546934e-05,0.0008655807956675063,0,0,51.53793103448276,517.0419700965106,CDC45;MCM10;CDC6
Reactome_2022,GRB7 Events In ERBB2 Signaling R-HSA-1306955,2/5,4.496523613857176e-05,0.0008655807956675063,0,0,324.4552845528455,3247.674396403277,GRB7;ERBB2
Reactome_2022,Activation Of ATR In Response To Replication Stress R-HSA-176187,3/36,6.290123291013695e-05,0.0011396223374307,0,0,45.28181818181818,438.0538092327387,CDC45;MCM10;CDC6
Reactome_2022,G2/M Checkpoints R-HSA-69481,4/148,0.0002838997152818494,0.0048578395726005,0,0,14.111823361823362,115.24970200238306,CDC45;PSMD3;MCM10;CDC6
Reactome_2022,TFAP2 (AP-2) Family Regulates Transcription Of Growth Factors And Their Receptors R-HSA-8866910,2/13,0.00034692141370239296,0.0056237787063335,0,0,88.45232815964523,704.6477129931925,ERBB2;ESR1
Reactome_2022,Orc1 Removal From Chromatin R-HSA-68949,3/69,0.0004393364318997317,0.0065486331782925,0,0,22.60340909090909,174.7298918871199,CCNA2;PSMD3;CDC6
Reactome_2022,Separation Of Sister Chromatids R-HSA-2467813,4/170,0.0004801406140093421,0.0065486331782925,0,0,12.227988878591288,93.4393400234872,UBE2C;CDCA5;PSMD3;CENPN
Reactome_2022,Cdc20:Phospho-APC/C Mediated Degradation Of Cyclin A R-HSA-174184,3/72,0.0004978582504294336,0.0065486331782925,0,0,21.617391304347827,164.40447970124535,CCNA2;UBE2C;PSMD3
Reactome_2022,APC/C:Cdh1 Mediated Degradation Of Cdc20 And APC/C:Cdh1 Targets In Late Mitosis/Early G1 R-HSA-174178,3/73,0.0005184195970282122,0.0065486331782925,0,0,21.3075,161.18539095065847,UBE2C;PSMD3;AURKA
Reactome_2022,APC:Cdc20 Mediated Degradation Of Cell Cycle Proteins Before Cycle Checkpoint Satisfied R-HSA-179419,3/73,0.0005184195970282122,0.0065486331782925,0,0,21.3075,161.18539095065847,CCNA2;UBE2C;PSMD3
Reactome_2022,Transcription Of E2F Targets Under Negative Control By P107 (RBL1) And P130 (RBL2) In Complex With HDAC1 R-HSA-1362300,2/16,0.0005315449008354333,0.0065486331782925,0,0,69.48780487804878,523.9187926178153,CCNA2;MYBL2
Reactome_2022,APC/C:Cdc20 Mediated Degradation Of Mitotic Proteins R-HSA-176409,3/75,0.0005611583487606354,0.0066475681314721,0,0,20.713541666666668,155.05137006121166,CCNA2;UBE2C;PSMD3
Reactome_2022,Activation Of APC/C And APC/C:Cdc20 Mediated Degradation Of Mitotic Proteins R-HSA-176814,3/76,0.0005833472568815902,0.0066544798192418,0,0,20.42876712328767,152.12747032552738,CCNA2;UBE2C;PSMD3
Reactome_2022,G2/M Transition R-HSA-69275,4/182,0.0006205575537134714,0.0068261330908481,0,0,11.396715643906656,84.16351650820766,CCNA2;PSMD3;MYBL2;AURKA
Reactome_2022,Mitotic G2-G2/M Phases R-HSA-453274,4/184,0.000646510570981248,0.0068663881331801,0,0,11.268945868945869,82.75824831390966,CCNA2;PSMD3;MYBL2;AURKA
Reactome_2022,Regulation Of APC/C Activators Between G1/S And Early Anaphase R-HSA-176408,3/80,0.0006776987077642231,0.006957706733046,0,0,19.363636363636363,141.29273193710048,CCNA2;UBE2C;PSMD3
Reactome_2022,Mitotic Anaphase R-HSA-68882,4/232,0.0015270330435687,0.0149312340557098,0,0,8.874943769680613,57.54893932283744,UBE2C;CDCA5;PSMD3;CENPN
Reactome_2022,Mitotic Metaphase And Anaphase R-HSA-2555396,4/233,0.001551297044749,0.0149312340557098,0,0,8.835740678535439,57.15543671204347,UBE2C;CDCA5;PSMD3;CENPN
Reactome_2022,RNA Polymerase II Transcription R-HSA-73857,9/1312,0.0016197638814945,0.0151177962272823,0,0,3.7895806058417225,24.349855036034096,CCNA2;UBE2C;ERBB2;PSMD3;MYBL2;DEK;SRSF5;ESR1;AURKA
Reactome_2022,Assembly Of Pre-Replicative Complex R-HSA-68867,3/110,0.0017022427928104,0.0154203170642828,0,0,13.913551401869158,88.71014078934452,UBE2C;PSMD3;CDC6
Reactome_2022,G1/S-Specific Transcription R-HSA-69205,2/29,0.0017667977889501,0.0155478205427612,0,0,36.00722673893406,228.23492237875303,CDC45;CDC6
Reactome_2022,Gene Expression (Transcription) R-HSA-74160,9/1449,0.0031938898509656,0.0273255020582615,0,0,3.403860294117647,19.560336675279807,CCNA2;UBE2C;ERBB2;PSMD3;MYBL2;DEK;SRSF5;ESR1;AURKA
Reactome_2022,Generic Transcription Pathway R-HSA-212436,8/1190,0.0034486280140857,0.0287074980631999,0,0,3.6306502296350014,20.58498371712154,CCNA2;UBE2C;ERBB2;PSMD3;MYBL2;DEK;ESR1;AURKA
Reactome_2022,RND1 GTPase Cycle R-HSA-9696273,2/42,0.0036811038952836,0.0298363157828252,0,0,24.289024390243902,136.12887191337333,GRB7;KIF14
Reactome_2022,TP53 Regulates Transcription Of Cell Cycle Genes R-HSA-6791312,2/49,0.0049802262706846,0.0383477422842716,0,0,20.664244940321744,109.56761169296044,CCNA2;AURKA
Reactome_2022,Signaling By ERBB2 R-HSA-1227986,2/49,0.0049802262706846,0.0383477422842716,0,0,20.664244940321744,109.56761169296044,GRB7;ERBB2
Reactome_2022,FBXL7 Down-Regulates AURKA During Mitotic Entry And In Early Mitosis R-HSA-8854050,2/54,0.0060190990195071,0.0452166462928828,0,0,18.672607879924957,95.46963998767032,PSMD3;AURKA
Reactome_2022,SCF(Skp2)-mediated Degradation Of P27/P21 R-HSA-187577,2/59,0.0071481549361583,0.0524198028651613,0,0,17.03038083012409,84.14542578402569,CCNA2;PSMD3
Reactome_2022,Autodegradation Of Cdh1 By Cdh1:APC/C R-HSA-174084,2/63,0.0081150146933779,0.058126151757219,0,0,15.910435825669731,76.593462825792,UBE2C;PSMD3
Reactome_2022,p53-Dependent G1 DNA Damage Response R-HSA-69563,2/65,0.0086193089091393,0.0598787987214914,0,0,15.40379403794038,73.22579161456777,CCNA2;PSMD3
Reactome_2022,M Phase R-HSA-68886,4/380,0.0088296545809545,0.0598787987214914,0,0,5.341243862520458,25.26215733138388,UBE2C;CDCA5;PSMD3;CENPN
Reactome_2022,APC/C:Cdc20 Mediated Degradation Of Securin R-HSA-174154,2/67,0.0091373491555522,0.0598787987214914,0,0,14.928330206378988,70.09425716368078,UBE2C;PSMD3
Reactome_2022,G1/S DNA Damage Checkpoints R-HSA-69615,2/67,0.0091373491555522,0.0598787987214914,0,0,14.928330206378988,70.09425716368078,CCNA2;PSMD3
Reactome_2022,Regulation Of RUNX2 Expression And Activity R-HSA-8939902,2/72,0.0104917918327347,0.0659417727385135,0,0,13.858536585365854,63.1555971026974,PSMD3;ESR1
Reactome_2022,TFAP2A Acts As A Transcriptional Repressor During Retinoic Acid Induced Cell Differentiation R-HSA-8869496,1/5,0.0107048332367716,0.0659417727385135,0,0,118.76785714285714,538.8568862241955,MYBL2
Reactome_2022,G2 Phase R-HSA-68911,1/5,0.0107048332367716,0.0659417727385135,0,0,118.76785714285714,538.8568862241955,CCNA2
Reactome_2022,Constitutive Signaling By Aberrant PI3K In Cancer R-HSA-2219530,2/78,0.0122268797876135,0.0738407642075483,0,0,12.760590500641849,56.19915256188674,ERBB2;ESR1
Reactome_2022,RUNX1 Regulates Estrogen Receptor Mediated Transcription R-HSA-8931987,1/6,0.0128323377374525,0.0745728306251959,0,0,95.0095238095238,413.8412399700829,ESR1
Reactome_2022,RUNX1 Regulates Transcription Of Genes Involved In WNT Signaling R-HSA-8939256,1/6,0.0128323377374525,0.0745728306251959,0,0,95.0095238095238,413.8412399700829,ESR1
Reactome_2022,Senescence-Associated Secretory Phenotype (SASP) R-HSA-2559582,2/81,0.0131383906967801,0.0749374876779309,0,0,12.274158690953998,53.17431583671607,CCNA2;UBE2C
Reactome_2022,Cyclin E Associated Events During G1/S Transition R-HSA-69202,2/82,0.0134486436370121,0.0753124043672678,0,0,12.120121951219511,52.224114989765226,CCNA2;PSMD3
Reactome_2022,Cyclin A:Cdk2-associated Events At S Phase Entry R-HSA-69656,2/84,0.0140786864188532,0.0774327753036926,0,0,11.823319452706722,50.40391307618021,CCNA2;PSMD3
Reactome_2022,Regulation Of TP53 Activity Thru Phosphorylation R-HSA-6804756,2/90,0.0160440748316394,0.0866942990902623,0,0,11.013858093126386,45.51383973742503,CCNA2;AURKA
Reactome_2022,CDC6 Association With ORC:origin Complex R-HSA-68689,1/8,0.0170739515504476,0.0906685703023773,0,0,67.85714285714286,276.1922295799092,CDC6
Reactome_2022,Interleukin-23 Signaling R-HSA-9020933,1/9,0.01918807882344,0.1001682758918567,0,0,59.37202380952381,234.7252826710072,IL23A
Reactome_2022,PIP3 Activates AKT Signaling R-HSA-1257604,3/268,0.0197941715166554,0.1016100804521647,0,0,5.573207547169812,21.86016956079699,ERBB2;PSMD3;ESR1
Reactome_2022,IRAK1 Recruits IKK Complex R-HSA-937039,1/10,0.0212977650246516,0.1025895349348105,0,0,52.77248677248677,203.12938317607103,PELI1
Reactome_2022,Constitutive Signaling By Overexpressed ERBB2 R-HSA-9634285,1/10,0.0212977650246516,0.1025895349348105,0,0,52.77248677248677,203.12938317607103,ERBB2
Reactome_2022,PI3K/AKT Signaling In Cancer R-HSA-2219528,2/105,0.0214344015097505,0.1025895349348105,0,0,9.40279422211698,36.13266366428644,ERBB2;ESR1
Reactome_2022,"PI5P, PP2A And IER3 Regulate PI3K/AKT Signaling R-HSA-6811558",2/106,0.0218171654119451,0.1025895349348105,0,0,9.311913696060037,35.61861197871145,ERBB2;ESR1
Reactome_2022,Resolution Of Sister Chromatid Cohesion R-HSA-2500257,2/106,0.0218171654119451,0.1025895349348105,0,0,9.311913696060037,35.61861197871145,CDCA5;CENPN
Reactome_2022,Deubiquitination R-HSA-5688426,3/279,0.0219834717717451,0.1025895349348105,0,0,5.348097826086956,20.41617301110409,CCNA2;PSMD3;ESR1
Reactome_2022,Mitotic Spindle Checkpoint R-HSA-69618,2/110,0.0233765774126228,0.1044656508124538,0,0,8.965221318879856,33.67355706170915,UBE2C;CENPN
Reactome_2022,Unwinding Of DNA R-HSA-176974,1/11,0.0234030191755172,0.1044656508124538,0,0,47.49285714285714,178.3304657718936,CDC45
Reactome_2022,Establishment Of Sister Chromatid Cohesion R-HSA-2468052,1/11,0.0234030191755172,0.1044656508124538,0,0,47.49285714285714,178.3304657718936,CDCA5
Reactome_2022,Negative Regulation Of PI3K/AKT Network R-HSA-199418,2/113,0.0245755375175489,0.1076052862241288,0,0,8.721599648428917,32.32228092155592,ERBB2;ESR1
Reactome_2022,Interleukin-1 Signaling R-HSA-9020702,2/114,0.0249807205312442,0.1076052862241288,0,0,8.643292682926829,31.89073288906841,PSMD3;PELI1
Reactome_2022,Passive Transport By Aquaporins R-HSA-432047,1/12,0.0255038503063682,0.1076052862241288,0,0,43.17316017316017,158.39912320457492,AQP5
Reactome_2022,Pregnenolone Biosynthesis R-HSA-196108,1/12,0.0255038503063682,0.1076052862241288,0,0,43.17316017316017,158.39912320457492,STARD3
Reactome_2022,Chromosome Maintenance R-HSA-73886,2/118,0.0266287513004378,0.1101687051268285,0,0,8.343566021867115,30.25179940273206,CCNA2;CENPN
Reactome_2022,Transcriptional Regulation By RUNX2 R-HSA-8878166,2/119,0.0270475186031844,0.1101687051268285,0,0,8.271836564519491,29.862653587768307,PSMD3;ESR1
Reactome_2022,Downregulation Of ERBB2:ERBB3 Signaling R-HSA-1358803,1/13,0.027600267431624,0.1101687051268285,0,0,39.573412698412696,142.06577419675818,ERBB2
Reactome_2022,ERBB2 Activates PTK6 Signaling R-HSA-8847993,1/13,0.027600267431624,0.1101687051268285,0,0,39.573412698412696,142.06577419675818,ERBB2
Reactome_2022,Intracellular Signaling By Second Messengers R-HSA-9006925,3/306,0.0278998668827682,0.1101687051268285,0,0,4.864851485148515,17.41195224871803,ERBB2;PSMD3;ESR1
Reactome_2022,"Synthesis Of IP2, IP, And Ins In Cytosol R-HSA-1855183",1/14,0.0296922795635159,0.1143152763195364,0,0,36.527472527472526,128.46230708138887,INPP4B
Reactome_2022,TP53 Regulates Transcription Of Genes Involved In G1 Cell Cycle Arrest R-HSA-6804116,1/14,0.0296922795635159,0.1143152763195364,0,0,36.527472527472526,128.46230708138887,CCNA2
Reactome_2022,GRB2 Events In ERBB2 Signaling R-HSA-1963640,1/15,0.0317798956959378,0.1179302153536008,0,0,33.916666666666664,116.97591748147126,ERBB2
Reactome_2022,Signaling By ERBB2 ECD Mutants R-HSA-9665348,1/15,0.0317798956959378,0.1179302153536008,0,0,33.916666666666664,116.97591748147126,ERBB2
Reactome_2022,ERBB2 Regulates Cell Motility R-HSA-6785631,1/15,0.0317798956959378,0.1179302153536008,0,0,33.916666666666664,116.97591748147126,ERBB2
Reactome_2022,PI3K Events In ERBB2 Signaling R-HSA-1963642,1/16,0.0338631248228564,0.1212772377376721,0,0,31.65396825396825,107.16225006283427,ERBB2
Reactome_2022,Synthesis Of PIPs At Early Endosome Membrane R-HSA-1660516,1/16,0.0338631248228564,0.1212772377376721,0,0,31.65396825396825,107.16225006283427,INPP4B
Reactome_2022,Polo-like Kinase Mediated Events R-HSA-156711,1/16,0.0338631248228564,0.1212772377376721,0,0,31.65396825396825,107.16225006283427,MYBL2
Reactome_2022,Tie2 Signaling R-HSA-210993,1/17,0.035941975922897,0.1272428572902564,0,0,29.674107142857142,98.6916120526478,GRB7
Reactome_2022,TP53 Regulates Transcription Of Genes Involved In G2 Cell Cycle Arrest R-HSA-6804114,1/18,0.0380164579400951,0.1330576027903331,0,0,27.92717086834734,91.3144790197023,AURKA
Reactome_2022,Transcription Of E2F Targets Under Negative Control By DREAM Complex R-HSA-1362277,1/19,0.0400865798370342,0.1371216499670656,0,0,26.374338624338623,84.83869553971446,CDC6
Reactome_2022,RHO GTPases Activate CIT R-HSA-5625900,1/19,0.0400865798370342,0.1371216499670656,0,0,26.374338624338623,84.83869553971446,KIF14
Reactome_2022,Aberrant Regulation Of Mitotic Exit In Cancer Due To RB1 Defects R-HSA-9687136,1/20,0.0421523505298068,0.1371216499670656,0,0,24.98496240601504,79.11400474395023,UBE2C
Reactome_2022,Phosphorylation Of APC/C R-HSA-176412,1/20,0.0421523505298068,0.1371216499670656,0,0,24.98496240601504,79.11400474395023,UBE2C
Reactome_2022,Conversion From APC/C:Cdc20 To APC/C:Cdh1 In Late Anaphase R-HSA-176407,1/20,0.0421523505298068,0.1371216499670656,0,0,24.98496240601504,79.11400474395023,UBE2C
Reactome_2022,Sema4D Induced Cell Migration And Growth-Cone Collapse R-HSA-416572,1/20,0.0421523505298068,0.1371216499670656,0,0,24.98496240601504,79.11400474395023,ERBB2
Reactome_2022,Interleukin-1 Family Signaling R-HSA-446652,2/152,0.0422940154119195,0.1371216499670656,0,0,6.44130081300813,20.374540969925278,PSMD3;PELI1
Reactome_2022,Inactivation Of APC/C Via Direct Inhibition Of APC/C Complex R-HSA-141430,1/21,0.0442137789372483,0.1389575909456377,0,0,23.73452380952381,74.02130556201558,UBE2C
Reactome_2022,SHC1 Events In ERBB2 Signaling R-HSA-1250196,1/21,0.0442137789372483,0.1389575909456377,0,0,23.73452380952381,74.02130556201558,ERBB2
Reactome_2022,Signaling By ERBB2 TMD/JMD Mutants R-HSA-9665686,1/21,0.0442137789372483,0.1389575909456377,0,0,23.73452380952381,74.02130556201558,ERBB2
Reactome_2022,Regulation Of TP53 Activity R-HSA-5633007,2/157,0.0448307061689257,0.1394733080811022,0,0,6.231943351691582,19.349323904308,CCNA2;AURKA
Reactome_2022,Telomere Extension By Telomerase R-HSA-171319,1/23,0.0483236444741315,0.1484398666640256,0,0,21.57467532467533,65.36769140672365,CCNA2
Reactome_2022,Cellular Senescence R-HSA-2559583,2/165,0.049004087704986,0.1484398666640256,0,0,5.923686966931019,17.864960590834656,CCNA2;UBE2C
Reactome_2022,APC/C:Cdc20 Mediated Degradation Of Cyclin B R-HSA-174048,1/24,0.0503720993417929,0.1484398666640256,0,0,20.63561076604555,61.66576382608654,UBE2C
Reactome_2022,Sema4D In Semaphorin Signaling R-HSA-400685,1/24,0.0503720993417929,0.1484398666640256,0,0,20.63561076604555,61.66576382608654,ERBB2
Reactome_2022,Signaling By ERBB2 KD Mutants R-HSA-9664565,1/24,0.0503720993417929,0.1484398666640256,0,0,20.63561076604555,61.66576382608654,ERBB2
Reactome_2022,SUMO E3 Ligases SUMOylate Target Proteins R-HSA-3108232,2/168,0.0506044999990996,0.1484398666640256,0,0,5.815750808110491,17.35254160721536,ESR1;AURKA
Reactome_2022,Cyclin A/B1/B2 Associated Events During G2/M Transition R-HSA-69273,1/25,0.0524162474254504,0.1508804131498947,0,0,19.77480158730159,58.30676717854421,CCNA2
Reactome_2022,Signaling By ERBB2 In Cancer R-HSA-1227990,1/25,0.0524162474254504,0.1508804131498947,0,0,19.77480158730159,58.30676717854421,ERBB2
Reactome_2022,SUMOylation R-HSA-2990846,2/174,0.0538615456079352,0.153605148585593,0,0,5.611174134997164,16.392139004074732,ESR1;AURKA
Reactome_2022,APC-Cdc20 Mediated Degradation Of Nek2A R-HSA-179409,1/26,0.0544560975367494,0.1538759453332003,0,0,18.982857142857146,55.24695668935345,UBE2C
Reactome_2022,Synthesis Of PC R-HSA-1483191,1/27,0.0564916585091406,0.1581766438255936,0,0,18.251831501831504,52.44959988716816,STARD10
Reactome_2022,Downstream Signal Transduction R-HSA-186763,1/28,0.0585229391188769,0.1622820707199754,0,0,17.57495590828924,49.88363848737288,GRB7
Reactome_2022,Regulation Of Necroptotic Cell Death R-HSA-5675482,1/29,0.0605499481664255,0.1622820707199754,0,0,16.946428571428573,47.52264366272739,PELI1
Reactome_2022,SUMOylation Of Intracellular Receptors R-HSA-4090294,1/29,0.0605499481664255,0.1622820707199754,0,0,16.946428571428573,47.52264366272739,ESR1
Reactome_2022,Downregulation Of ERBB2 Signaling R-HSA-8863795,1/29,0.0605499481664255,0.1622820707199754,0,0,16.946428571428573,47.52264366272739,ERBB2
Reactome_2022,Mitotic Prometaphase R-HSA-68877,2/186,0.0605923315999908,0.1622820707199754,0,0,5.242046659597031,14.696533528388157,CDCA5;CENPN
Reactome_2022,Synthesis Of Active Ubiquitin: Roles Of E1 And E2 Enzymes R-HSA-8866652,1/30,0.0625726944066545,0.1648503482746773,0,0,16.361247947454842,45.34399265988268,UBE2C
Reactome_2022,Diseases Of Signal Transduction By Growth Factor Receptors And Second Messengers R-HSA-5663202,3/424,0.0626217232082378,0.1648503482746773,0,0,3.480285035629453,9.64262752846673,ERBB2;PSMD3;ESR1
Reactome_2022,RIPK1-mediated Regulated Necrosis R-HSA-5213460,1/31,0.0645911865897151,0.1671771888204392,0,0,15.815079365079365,43.328214060740166,PELI1
Reactome_2022,DNA Strand Elongation R-HSA-69190,1/31,0.0645911865897151,0.1671771888204392,0,0,15.815079365079365,43.328214060740166,CDC45
Reactome_2022,Nuclear Signaling By ERBB4 R-HSA-1251985,1/32,0.0666054334357438,0.1709539458184091,0,0,15.304147465437788,41.45846291696091,ESR1
Reactome_2022,Cellular Responses To Stress R-HSA-2262752,4/722,0.068630985247764,0.1741136634998298,0,0,2.748232269123634,7.362544936377035,CCNA2;UBE2C;WFS1;PSMD3
Reactome_2022,Ub-specific Processing Proteases R-HSA-5689880,2/201,0.0693886835550299,0.1741136634998298,0,0,4.843240593209952,12.921918396628186,CCNA2;PSMD3
Reactome_2022,Transcriptional Regulation By RUNX1 R-HSA-8878171,2/204,0.0711962454044468,0.1741136634998298,0,0,4.770586814779039,12.605394029939813,PSMD3;ESR1
Reactome_2022,Metabolism Of Lipids R-HSA-556833,4/732,0.0714269092589077,0.1741136634998298,0,0,2.709072978303748,7.14946194173355,STARD3;INPP4B;ORMDL3;STARD10
Reactome_2022,Cellular Responses To Stimuli R-HSA-8953897,4/736,0.07256176062032,0.1741136634998298,0,0,2.693708841249825,7.066452759642366,CCNA2;UBE2C;WFS1;PSMD3
Reactome_2022,Metabolism Of Steroid Hormones R-HSA-196071,1/35,0.0726227890309385,0.1741136634998298,0,0,13.951680672268909,36.58795480887935,STARD3
Reactome_2022,Signaling By Interleukins R-HSA-449147,3/453,0.0732485995816945,0.1741136634998298,0,0,3.2511666666666668,8.49821203172854,IL23A;PSMD3;PELI1
Reactome_2022,Phospholipid Metabolism R-HSA-1483257,2/208,0.0736303482629171,0.1741136634998298,0,0,4.6770068671560505,12.20089844961438,INPP4B;STARD10
Reactome_2022,Programmed Cell Death R-HSA-5357801,2/208,0.0736303482629171,0.1741136634998298,0,0,4.6770068671560505,12.20089844961438,PSMD3;PELI1
Reactome_2022,Post-translational Protein Modification R-HSA-597592,6/1383,0.0738146261454077,0.1741136634998298,0,0,2.188070423364541,5.702545594361238,CCNA2;UBE2C;WFS1;PSMD3;ESR1;AURKA
Reactome_2022,Aberrant Regulation Of Mitotic Cell Cycle Due To RB1 Defects R-HSA-9687139,1/36,0.074620141499927,0.1741136634998298,0,0,13.552380952380952,35.173101634547834,UBE2C
Reactome_2022,Regulation Of TP53 Degradation R-HSA-6804757,1/36,0.074620141499927,0.1741136634998298,0,0,13.552380952380952,35.173101634547834,CCNA2
Reactome_2022,Regulation Of TP53 Expression And Degradation R-HSA-6806003,1/37,0.0766132920442956,0.1774202552604741,0,0,13.17526455026455,33.84705294145367,CCNA2
Reactome_2022,Diseases Of Mitotic Cell Cycle R-HSA-9675126,1/38,0.0786022492510684,0.1806678564875304,0,0,12.818532818532818,32.60207906919548,UBE2C
Reactome_2022,Ovarian Tumor Domain Proteases R-HSA-5689896,1/39,0.0805870217713491,0.1825059022468789,0,0,12.480576441102755,31.431304149217908,ESR1
Reactome_2022,Transcriptional Regulation By VENTX R-HSA-8853884,1/39,0.0805870217713491,0.1825059022468789,0,0,12.480576441102755,31.431304149217908,UBE2C
Reactome_2022,RET Signaling R-HSA-8853659,1/40,0.0825676181726479,0.1856264700523763,0,0,12.15995115995116,30.328592704867837,GRB7
Reactome_2022,Signaling By SCF-KIT R-HSA-1433557,1/42,0.0865163169313317,0.193094388513407,0,0,11.56562137049942,28.30595905166833,GRB7
Reactome_2022,RND2 GTPase Cycle R-HSA-9696270,1/43,0.0884844363791005,0.1946051437060105,0,0,11.28968253968254,27.376674104260204,KIF14
Reactome_2022,Signaling By Receptor Tyrosine Kinases R-HSA-9006934,3/496,0.0903900451276026,0.1946051437060105,0,0,2.96105476673428,7.117253827854096,GRB7;ERBB2;ESR1
Reactome_2022,Sphingolipid De Novo Biosynthesis R-HSA-1660661,1/44,0.0904484139238324,0.1946051437060105,0,0,11.0265780730897,26.496598090748613,ORMDL3
Reactome_2022,SUMOylation Of DNA Replication Proteins R-HSA-4615885,1/45,0.0924082580584102,0.1946051437060105,0,0,10.7754329004329,25.66211295508556,AURKA
Reactome_2022,XBP1(S) Activates Chaperone Genes R-HSA-381038,1/46,0.0943639772927112,0.1946051437060105,0,0,10.535449735449737,24.86993918817013,WFS1
Reactome_2022,IRE1alpha Activates Chaperones R-HSA-381070,1/48,0.0982630748725642,0.1946051437060105,0,0,10.08611955420466,23.400876172094083,WFS1
Reactome_2022,Inositol Phosphate Metabolism R-HSA-1483249,1/48,0.0982630748725642,0.1946051437060105,0,0,10.08611955420466,23.400876172094083,INPP4B
Reactome_2022,Cross-presentation Of Soluble Exogenous Antigens (Endosomes) R-HSA-1236978,1/48,0.0982630748725642,0.1946051437060105,0,0,10.08611955420466,23.400876172094083,PSMD3
Reactome_2022,Axon Guidance R-HSA-422475,3/519,0.1001965343394078,0.1946051437060105,0,0,2.8257267441860465,6.50092820479771,GRB7;ERBB2;PSMD3
Reactome_2022,Regulation Of Activated PAK-2p34 By Proteasome Mediated Degradation R-HSA-211733,1/49,0.1002064701400459,0.1946051437060105,0,0,9.875496031746032,22.71880101878368,PSMD3
Reactome_2022,Aquaporin-mediated Transport R-HSA-445717,1/50,0.1021457742794159,0.1946051437060105,0,0,9.673469387755102,22.068611238785657,AQP5
Reactome_2022,Regulation Of Ornithine Decarboxylase (ODC) R-HSA-350562,1/50,0.1021457742794159,0.1946051437060105,0,0,9.673469387755102,22.068611238785657,PSMD3
Reactome_2022,Extension Of Telomeres R-HSA-180786,1/50,0.1021457742794159,0.1946051437060105,0,0,9.673469387755102,22.068611238785657,CCNA2
Reactome_2022,Synthesis Of PIPs At Plasma Membrane R-HSA-1660499,1/51,0.1040809957110956,0.1946051437060105,0,0,9.47952380952381,21.44823670194943,INPP4B
Reactome_2022,GSK3B And BTRC:CUL1-mediated-degradation Of NFE2L2 R-HSA-9762114,1/51,0.1040809957110956,0.1946051437060105,0,0,9.47952380952381,21.44823670194943,PSMD3
Reactome_2022,Autodegradation Of E3 Ubiquitin Ligase COP1 R-HSA-349425,1/51,0.1040809957110956,0.1946051437060105,0,0,9.47952380952381,21.44823670194943,PSMD3
Reactome_2022,Ubiquitin Mediated Degradation Of Phosphorylated Cdc25A R-HSA-69601,1/51,0.1040809957110956,0.1946051437060105,0,0,9.47952380952381,21.44823670194943,PSMD3
Reactome_2022,Ubiquitin-dependent Degradation Of Cyclin D R-HSA-75815,1/51,0.1040809957110956,0.1946051437060105,0,0,9.47952380952381,21.44823670194943,PSMD3
Reactome_2022,Vpu Mediated Degradation Of CD4 R-HSA-180534,1/51,0.1040809957110956,0.1946051437060105,0,0,9.47952380952381,21.44823670194943,PSMD3
Reactome_2022,Regulation Of Apoptosis R-HSA-169911,1/52,0.1060121428192819,0.1946051437060105,0,0,9.293183940242765,20.85577860728659,PSMD3
Reactome_2022,Signaling By Non-Receptor Tyrosine Kinases R-HSA-9006927,1/52,0.1060121428192819,0.1946051437060105,0,0,9.293183940242765,20.85577860728659,ERBB2
Reactome_2022,Signaling By PDGF R-HSA-186797,1/52,0.1060121428192819,0.1946051437060105,0,0,9.293183940242765,20.85577860728659,GRB7
Reactome_2022,Vif-mediated Degradation Of APOBEC3G R-HSA-180585,1/53,0.107939223970153,0.1946051437060105,0,0,9.114010989010987,20.289492337496565,PSMD3
Reactome_2022,Deposition Of New CENPA-containing Nucleosomes At Centromere R-HSA-606279,1/53,0.107939223970153,0.1946051437060105,0,0,9.114010989010987,20.289492337496565,CENPN
Reactome_2022,Negative Regulation Of NOTCH4 Signaling R-HSA-9604323,1/53,0.107939223970153,0.1946051437060105,0,0,9.114010989010987,20.289492337496565,PSMD3
Reactome_2022,Nuclear Receptor Transcription Pathway R-HSA-383280,1/53,0.107939223970153,0.1946051437060105,0,0,9.114010989010987,20.289492337496565,ESR1
Reactome_2022,AUF1 (hnRNP D0) Binds And Destabilizes mRNA R-HSA-450408,1/54,0.1098622475311583,0.1946051437060105,0,0,8.941599281221922,19.747772315999956,PSMD3
Reactome_2022,Interleukin-12 Family Signaling R-HSA-447115,1/54,0.1098622475311583,0.1946051437060105,0,0,8.941599281221922,19.747772315999956,IL23A
Reactome_2022,Regulation Of RUNX3 Expression And Activity R-HSA-8941858,1/54,0.1098622475311583,0.1946051437060105,0,0,8.941599281221922,19.747772315999956,PSMD3
Reactome_2022,SCF-beta-TrCP Mediated Degradation Of Emi1 R-HSA-174113,1/54,0.1098622475311583,0.1946051437060105,0,0,8.941599281221922,19.747772315999956,PSMD3
Reactome_2022,Degradation Of AXIN R-HSA-4641257,1/54,0.1098622475311583,0.1946051437060105,0,0,8.941599281221922,19.747772315999956,PSMD3
Reactome_2022,Hh Mutants Are Degraded By ERAD R-HSA-5362768,1/55,0.1117812218384275,0.1946051437060105,0,0,8.77557319223986,19.22913860440414,PSMD3
Reactome_2022,Degradation Of DVL R-HSA-4641258,1/55,0.1117812218384275,0.1946051437060105,0,0,8.77557319223986,19.22913860440414,PSMD3
Reactome_2022,Nervous System Development R-HSA-9675108,3/545,0.1117818431102532,0.1946051437060105,0,0,2.686577490774908,5.886845084093404,GRB7;ERBB2;PSMD3
Reactome_2022,Stabilization Of P53 R-HSA-69541,1/56,0.1136961552035784,0.1946051437060105,0,0,8.615584415584415,18.73222500578713,PSMD3
Reactome_2022,Meiotic Recombination R-HSA-912446,1/56,0.1136961552035784,0.1946051437060105,0,0,8.615584415584415,18.73222500578713,MND1
Reactome_2022,RHO GTPase Effectors R-HSA-195258,2/269,0.1137350333793591,0.1946051437060105,0,0,3.5973326025395087,7.820183084041544,KIF14;CENPN
Reactome_2022,RAF/MAP Kinase Cascade R-HSA-5673001,2/271,0.1151324768513932,0.1946051437060105,0,0,3.570223955027654,7.717652589680505,ERBB2;PSMD3
Reactome_2022,Regulated Necrosis R-HSA-5218859,1/57,0.1156070559662541,0.1946051437060105,0,0,8.461309523809524,18.255768480581505,PELI1
Reactome_2022,Signaling By ERBB4 R-HSA-1236394,1/57,0.1156070559662541,0.1946051437060105,0,0,8.461309523809524,18.255768480581505,ESR1
Reactome_2022,Hh Mutants Abrogate Ligand Secretion R-HSA-5387390,1/58,0.1175139323807893,0.1946051437060105,0,0,8.312447786131997,17.798599724969133,PSMD3
Reactome_2022,mRNA 3-End Processing R-HSA-72187,1/58,0.1175139323807893,0.1946051437060105,0,0,8.312447786131997,17.798599724969133,SRSF5
Reactome_2022,Metabolism Of Polyamines R-HSA-351202,1/58,0.1175139323807893,0.1946051437060105,0,0,8.312447786131997,17.798599724969133,PSMD3
Reactome_2022,NIK To Noncanonical NF-kB Signaling R-HSA-5676590,1/58,0.1175139323807893,0.1946051437060105,0,0,8.312447786131997,17.798599724969133,PSMD3
Reactome_2022,MAPK1/MAPK3 Signaling R-HSA-5684996,2/277,0.1193517112278151,0.1946051437060105,0,0,3.4912638580931263,7.421311812147432,ERBB2;PSMD3
Reactome_2022,GLI3 Is Processed To GLI3R By Proteasome R-HSA-5610785,1/59,0.1194167927286883,0.1946051437060105,0,0,8.16871921182266,17.35963473969882,PSMD3
Reactome_2022,Role Of GTSE1 In G2/M Progression After G2 Checkpoint R-HSA-8852276,1/59,0.1194167927286883,0.1946051437060105,0,0,8.16871921182266,17.35963473969882,PSMD3
Reactome_2022,B-WICH Complex Positively Regulates rRNA Expression R-HSA-5250924,1/59,0.1194167927286883,0.1946051437060105,0,0,8.16871921182266,17.35963473969882,DEK
Reactome_2022,Transcriptional Regulation Of Granulopoiesis R-HSA-9616222,1/59,0.1194167927286883,0.1946051437060105,0,0,8.16871921182266,17.35963473969882,DEK
Reactome_2022,Degradation Of GLI1 By Proteasome R-HSA-5610780,1/59,0.1194167927286883,0.1946051437060105,0,0,8.16871921182266,17.35963473969882,PSMD3
Reactome_2022,Degradation Of GLI2 By Proteasome R-HSA-5610783,1/59,0.1194167927286883,0.1946051437060105,0,0,8.16871921182266,17.35963473969882,PSMD3
Reactome_2022,Defective CFTR Causes Cystic Fibrosis R-HSA-5678895,1/60,0.1213156452636398,0.1966590460063214,0,0,8.029862792574656,16.937867296435986,PSMD3
Reactome_2022,DNA Damage/Telomere Stress Induced Senescence R-HSA-2559586,1/61,0.1232104982600654,0.1976501742921883,0,0,7.895634920634921,16.53236217554523,CCNA2
Reactome_2022,Dectin-1 Mediated Noncanonical NF-kB Signaling R-HSA-5607761,1/61,0.1232104982600654,0.1976501742921883,0,0,7.895634920634921,16.53236217554523,PSMD3
Reactome_2022,Asymmetric Localization Of PCP Proteins R-HSA-4608870,1/62,0.1251013598850969,0.1996436209565277,0,0,7.765807962529274,16.14224910249594,PSMD3
Reactome_2022,Oxygen-dependent Proline Hydroxylation Of Hypoxia-inducible Factor Alpha R-HSA-1234176,1/64,0.1288711419246356,0.2025117944529988,0,0,7.518518518518518,15.40501042790611,PSMD3
Reactome_2022,Hedgehog Ligand Biogenesis R-HSA-5358346,1/64,0.1288711419246356,0.2025117944529988,0,0,7.518518518518518,15.40501042790611,PSMD3
Reactome_2022,Semaphorin Interactions R-HSA-373755,1/64,0.1288711419246356,0.2025117944529988,0,0,7.518518518518518,15.40501042790611,ERBB2
Reactome_2022,Regulation Of RAS By GAPs R-HSA-5658442,1/65,0.1307500786928151,0.2033890112999346,0,0,7.400669642857143,15.056422415612554,PSMD3
Reactome_2022,Mitochondrial Protein Import R-HSA-1268020,1/65,0.1307500786928151,0.2033890112999346,0,0,7.400669642857143,15.056422415612554,CMC2
Reactome_2022,Activation Of NF-kappaB In B Cells R-HSA-1169091,1/66,0.1326250568596398,0.2052689322249702,0,0,7.286446886446886,14.720293152785615,PSMD3
Reactome_2022,RNA Polymerase II Transcription Termination R-HSA-73856,1/67,0.1344960845583085,0.2060935027062639,0,0,7.175685425685426,14.396004988536754,SRSF5
Reactome_2022,Regulation Of PTEN Stability And Activity R-HSA-8948751,1/67,0.1344960845583085,0.2060935027062639,0,0,7.175685425685426,14.396004988536754,PSMD3
Reactome_2022,Antigen Processing: Ubiquitination And Proteasome Degradation R-HSA-983168,2/307,0.1410016077208625,0.2149925503862656,0,0,3.143062774890044,6.157209644238654,UBE2C;PSMD3
Reactome_2022,AURKA Activation By TPX2 R-HSA-8854518,1/72,0.1437922497074726,0.2181675512803033,0,0,6.668678739101274,12.933140394434057,AURKA
Reactome_2022,Cellular Response To Hypoxia R-HSA-1234174,1/73,0.1456397446182822,0.2188148358167362,0,0,6.5757275132275135,12.66892294138346,PSMD3
Reactome_2022,Extra-nuclear Estrogen Signaling R-HSA-9009391,1/73,0.1456397446182822,0.2188148358167362,0,0,6.5757275132275135,12.66892294138346,ESR1
Reactome_2022,Positive Epigenetic Regulation Of rRNA Expression R-HSA-5250913,1/74,0.1474833455711862,0.2194438185310404,0,0,6.485322896281801,12.413167572325236,DEK
Reactome_2022,Transport Of Mature mRNA Derived From An Intron-Containing Transcript R-HSA-159236,1/74,0.1474833455711862,0.2194438185310404,0,0,6.485322896281801,12.413167572325236,SRSF5
Reactome_2022,MAPK Family Signaling Cascades R-HSA-5683057,2/318,0.1491455856512387,0.2208501941374111,0,0,3.031954306884841,5.769300784844262,ERBB2;PSMD3
Reactome_2022,Protein Ubiquitination R-HSA-8852135,1/76,0.15115889773631,0.2227604808745621,0,0,6.311746031746032,11.9255624938045,UBE2C
Reactome_2022,ABC Transporter Disorders R-HSA-5619084,1/77,0.1529908649057995,0.2243866018618392,0,0,6.228383458646617,11.693024262708771,PSMD3
Reactome_2022,FCERI Mediated NF-kB Activation R-HSA-2871837,1/78,0.1548189700762838,0.2249256735070538,0,0,6.147186147186147,11.46756825568622,PSMD3
Reactome_2022,Nuclear Events Mediated By NFE2L2 R-HSA-9759194,1/78,0.1548189700762838,0.2249256735070538,0,0,6.147186147186147,11.46756825568622,PSMD3
Reactome_2022,Downstream Signaling Events Of B Cell Receptor (BCR) R-HSA-1168372,1/79,0.1566432211995875,0.2265075686829716,0,0,6.068070818070818,11.24889584627262,PSMD3
Reactome_2022,Processing Of DNA Double-Strand Break Ends R-HSA-5693607,1/80,0.1584636262338361,0.228069144299166,0,0,5.990958408679927,11.036724504327369,CCNA2
Reactome_2022,Signaling By Rho GTPases R-HSA-194315,3/644,0.1601582984906434,0.2285476827046546,0,0,2.2600624024961,4.139513543205087,GRB7;KIF14;CENPN
Reactome_2022,Signaling By NOTCH4 R-HSA-9013694,1/81,0.1602801930656019,0.2285476827046546,0,0,5.9157738095238095,10.830786745015452,PSMD3
Reactome_2022,PI Metabolism R-HSA-1483255,1/82,0.1620929296100477,0.2300673839626484,0,0,5.842445620223398,10.630829151935398,INPP4B
Reactome_2022,Transport Of Mature Transcript To Cytoplasm R-HSA-72202,1/83,0.1639018437591318,0.2315677425587734,0,0,5.770905923344948,10.43661147997999,SRSF5
Reactome_2022,Degradation Of Beta-Catenin By Destruction Complex R-HSA-195253,1/84,0.1657069433475759,0.2330490344796957,0,0,5.701090074584051,10.247905824752978,PSMD3
Reactome_2022,Hedgehog On State R-HSA-5632684,1/85,0.1675082362330531,0.2345115307262743,0,0,5.632936507936508,10.064495849636533,PSMD3
Reactome_2022,"Signaling By Rho GTPases, Miro GTPases And RHOBTB3 R-HSA-9716542",3/660,0.1685247428962929,0.234867062498001,0,0,2.2031963470319638,3.923171583174723,GRB7;KIF14;CENPN
Reactome_2022,Regulation Of PLK1 Activity At G2/M Transition R-HSA-2565942,1/87,0.1710994333194818,0.2359651457182448,0,0,5.501384274640088,9.712751206693376,AURKA
Reactome_2022,PCP/CE Pathway R-HSA-4086400,1/88,0.1728893531138499,0.2359651457182448,0,0,5.437876299945265,9.544035544311454,PSMD3
Reactome_2022,Regulation Of mRNA Stability By Proteins That Bind AU-rich Elements R-HSA-450531,1/88,0.1728893531138499,0.2359651457182448,0,0,5.437876299945265,9.544035544311454,PSMD3
Reactome_2022,Meiosis R-HSA-1500620,1/88,0.1728893531138499,0.2359651457182448,0,0,5.437876299945265,9.544035544311454,MND1
Reactome_2022,Sphingolipid Metabolism R-HSA-428157,1/89,0.1746754974797397,0.2359651457182448,0,0,5.375811688311688,9.379852384352931,ORMDL3
Reactome_2022,Unfolded Protein Response (UPR) R-HSA-381119,1/89,0.1746754974797397,0.2359651457182448,0,0,5.375811688311688,9.379852384352931,WFS1
Reactome_2022,ER-Phagosome Pathway R-HSA-1236974,1/89,0.1746754974797397,0.2359651457182448,0,0,5.375811688311688,9.379852384352931,PSMD3
Reactome_2022,Transcriptional Regulation By TP53 R-HSA-3700989,2/354,0.1764242450660172,0.2363001097900318,0,0,2.716879157427938,4.713415030684506,CCNA2;AURKA
Reactome_2022,MAPK6/MAPK4 Signaling R-HSA-5687128,1/90,0.1764578741938549,0.2363001097900318,0,0,5.3151417870519,9.220033503106164,PSMD3
Reactome_2022,Telomere Maintenance R-HSA-157579,1/92,0.1800113556248347,0.240015140833113,0,0,5.197802197802198,8.91285513593522,CCNA2
Reactome_2022,Unattached Kinetochores Signal Amplification Via A MAD2 Inhibitory Signal R-HSA-141444,1/93,0.1817824758162722,0.241331907549189,0,0,5.141045548654244,8.765197304329645,CENPN
Reactome_2022,Downstream TCR Signaling R-HSA-202424,1/94,0.1835498593117192,0.242632432051543,0,0,5.085509472606247,8.621306230224262,PSMD3
Reactome_2022,Transcriptional Regulation By RUNX3 R-HSA-8878159,1/95,0.1853135137833423,0.2428789882777423,0,0,5.031155015197569,8.481049298556284,PSMD3
Reactome_2022,UCH Proteinases R-HSA-5689603,1/95,0.1853135137833423,0.2428789882777423,0,0,5.031155015197569,8.481049298556284,PSMD3
Reactome_2022,MyD88 Cascade Initiated On Plasma Membrane R-HSA-975871,1/96,0.1870734468887621,0.2438030277745833,0,0,4.977944862155389,8.344299863156749,PELI1
Reactome_2022,EML4 And NUDC In Mitotic Spindle Formation R-HSA-9648025,1/97,0.1888296663266832,0.2438030277745833,0,0,4.925843253968254,8.210936918629546,CENPN
Reactome_2022,Hedgehog Off State R-HSA-5610787,1/98,0.1905821797563973,0.2438030277745833,0,0,4.87481590574374,8.080844796889387,PSMD3
Reactome_2022,RUNX1 Regulates Transcription Of Genes Involved In Differentiation Of HSCs R-HSA-8939236,1/98,0.1905821797563973,0.2438030277745833,0,0,4.87481590574374,8.080844796889387,PSMD3
Reactome_2022,Cytokine Signaling In Immune System R-HSA-1280215,3/702,0.1910848931810521,0.2438030277745833,0,0,2.0663090128755366,3.4198188672845014,IL23A;PSMD3;PELI1
Reactome_2022,CLEC7A (Dectin-1) Signaling R-HSA-5607764,1/99,0.1923309947723218,0.2438030277745833,0,0,4.824829931972789,7.953912881527455,PSMD3
Reactome_2022,Transport Of Small Molecules R-HSA-382551,3/706,0.1932749046374184,0.2438030277745833,0,0,2.0541251778093885,3.37624585509716,PSMD3;WNK3;AQP5
Reactome_2022,Stimuli-sensing Channels R-HSA-2672351,1/100,0.1940761190078197,0.2438030277745833,0,0,4.775853775853776,7.830035336967146,WNK3
Reactome_2022,TNFR2 Non-Canonical NF-kB Pathway R-HSA-5668541,1/100,0.1940761190078197,0.2438030277745833,0,0,4.775853775853776,7.830035336967146,PSMD3
Reactome_2022,KEAP1-NFE2L2 Pathway R-HSA-9755511,1/100,0.1940761190078197,0.2438030277745833,0,0,4.775853775853776,7.830035336967146,PSMD3
Reactome_2022,Class I MHC Mediated Antigen Processing And Presentation R-HSA-983169,2/378,0.1950378034005982,0.2438030277745833,0,0,2.540347690710949,4.152355486041953,UBE2C;PSMD3
Reactome_2022,TRAF6 Mediated Induction Of NFkB And MAP Kinases Upon TLR7/8 Or 9 Activation R-HSA-975138,1/101,0.1958175600852756,0.2438030277745833,0,0,4.727857142857143,7.709110858366568,PELI1
Reactome_2022,ABC-family Proteins Mediated Transport R-HSA-382556,1/102,0.1975553255717607,0.2438030277745833,0,0,4.6808109382366805,7.591042436779819,PSMD3
Reactome_2022,MyD88 Dependent Cascade Initiated On Endosome R-HSA-975155,1/102,0.1975553255717607,0.2438030277745833,0,0,4.6808109382366805,7.591042436779819,PELI1
Reactome_2022,Developmental Biology R-HSA-1266738,4/1073,0.1978920679988501,0.2438030277745833,0,0,1.812189681226164,2.9358080064954897,GRB7;ERBB2;PSMD3;DEK
Reactome_2022,Toll Like Receptor 7/8 (TLR7/8) Cascade R-HSA-168181,1/103,0.1992894230547836,0.2445463836688181,0,0,4.63468720821662,7.475737135844959,PELI1
Reactome_2022,Antigen processing-Cross Presentation R-HSA-1236975,1/104,0.2010198600663773,0.2456909400811279,0,0,4.589459084604716,7.363105885558578,PSMD3
Reactome_2022,Post-translational Protein Phosphorylation R-HSA-8957275,1/106,0.2044697829355108,0.2479397367879423,0,0,4.501587301587302,7.145527417540153,WFS1
Reactome_2022,Toll Like Receptor 9 (TLR9) Cascade R-HSA-168138,1/106,0.2044697829355108,0.2479397367879423,0,0,4.501587301587302,7.145527417540153,PELI1
Reactome_2022,Interleukin-4 And Interleukin-13 Signaling R-HSA-6785807,1/107,0.2061892837983776,0.2490443114113738,0,0,4.458894878706199,7.04041968388812,IL23A
Reactome_2022,Signaling By B Cell Receptor (BCR) R-HSA-983705,1/109,0.2096174019258431,0.25219593669203,0,0,4.375881834215168,6.83718980233469,PSMD3
Reactome_2022,MyD88:MAL(TIRAP) Cascade Initiated On Plasma Membrane R-HSA-166058,1/112,0.2147324820693924,0.2573447645033964,0,0,4.256971256971257,6.548764072815388,PELI1
Reactome_2022,Reproduction R-HSA-1474165,1/113,0.216430312660061,0.2580459969900837,0,0,4.21875,6.456740617261403,MND1
Reactome_2022,Metabolism Of Proteins R-HSA-392499,6/1890,0.2169932247416613,0.2580459969900837,0,0,1.5556033740747115,2.3767895143352518,CCNA2;UBE2C;WFS1;PSMD3;ESR1;AURKA
Reactome_2022,HDR Thru Homologous Recombination (HRR) Or Single Strand Annealing (SSA) R-HSA-5693567,1/114,0.2181245575317231,0.2583937066145028,0,0,4.181205225453013,6.366675264315155,CCNA2
Reactome_2022,TCR Signaling R-HSA-202403,1/116,0.2215023197908873,0.2603920400595164,0,0,4.10807453416149,6.192192012195594,PSMD3
Reactome_2022,Epigenetic Regulation Of Gene Expression R-HSA-212165,1/116,0.2215023197908873,0.2603920400595164,0,0,4.10807453416149,6.192192012195594,DEK
Reactome_2022,RHO GTPases Activate Formins R-HSA-5663220,1/119,0.2265422547386396,0.2633019413566076,0,0,4.003026634382566,5.9437892040372455,CENPN
Reactome_2022,Homology Directed Repair R-HSA-5693538,1/119,0.2265422547386396,0.2633019413566076,0,0,4.003026634382566,5.9437892040372455,CCNA2
Reactome_2022,Estrogen-dependent Gene Expression R-HSA-9018519,1/119,0.2265422547386396,0.2633019413566076,0,0,4.003026634382566,5.9437892040372455,ESR1
Reactome_2022,Regulation Of IGF Transport And Uptake By IGFBPs R-HSA-381426,1/123,0.2332126200008682,0.2700356652641633,0,0,3.870999219359875,5.635418893350087,WFS1
Reactome_2022,Glycerophospholipid Biosynthesis R-HSA-1483206,1/127,0.2398267859563774,0.2766541201294541,0,0,3.747354497354497,5.350616430106396,STARD10
Reactome_2022,Fc Epsilon Receptor (FCERI) Signaling R-HSA-2454202,1/130,0.2447508079156754,0.2793849754167296,0,0,3.659653008490218,5.1510153938830125,PSMD3
Reactome_2022,Host Interactions Of HIV Factors R-HSA-162909,1/130,0.2447508079156754,0.2793849754167296,0,0,3.659653008490218,5.1510153938830125,PSMD3
Reactome_2022,RHO GTPase Cycle R-HSA-9012999,2/441,0.2449154005276525,0.2793849754167296,0,0,2.168787154841936,3.0511417954891247,GRB7;KIF14
Reactome_2022,Cell Surface Interactions At Vascular Wall R-HSA-202733,1/134,0.2512677352359533,0.2855736621869875,0,0,3.548872180451128,4.901830845815345,GRB7
Reactome_2022,Signaling By Hedgehog R-HSA-5358351,1/135,0.2528883654791728,0.2863588844396516,0,0,3.5222103766879886,4.842359942035553,PSMD3
Reactome_2022,PTEN Regulation R-HSA-6807070,1/139,0.2593366925673939,0.2925849864862905,0,0,3.4194271911663217,4.614954989629512,PSMD3
Reactome_2022,Toll Like Receptor 4 (TLR4) Cascade R-HSA-166016,1/140,0.2609402610746575,0.2933197095291771,0,0,3.394655704008222,4.560596992829955,PELI1
Reactome_2022,C-type Lectin Receptors (CLRs) R-HSA-5621481,1/141,0.2625404384316276,0.294045291043423,0,0,3.3702380952380957,4.507188447974645,PSMD3
Reactome_2022,Beta-catenin Independent WNT Signaling R-HSA-3858494,1/142,0.2641372315353104,0.294761838090129,0,0,3.3461668355285377,4.454706716389069,PSMD3
Reactome_2022,Neutrophil Degranulation R-HSA-6798695,2/468,0.2665243459122792,0.2963519802923537,0,0,2.040301475976133,2.697869596547495,PSMD3;ORMDL3
Reactome_2022,DNA Double-Strand Break Repair R-HSA-5693532,1/149,0.2752206099425004,0.3049206757636336,0,0,3.1867760617760617,4.111522020998835,CCNA2
Reactome_2022,Metabolism Of Steroids R-HSA-8957322,1/153,0.2814805847332201,0.3107384232897197,0,0,3.1022869674185465,3.9327437639069873,STARD3
Reactome_2022,Toll-like Receptor Cascades R-HSA-168898,1/162,0.2953730632759782,0.324910369603576,0,0,2.927536231884058,3.570177569075536,PELI1
Reactome_2022,Protein Localization R-HSA-9609507,1/164,0.2984244632547029,0.3270986999375391,0,0,2.8913234005258546,3.49629937698077,CMC2
Reactome_2022,Regulation Of Expression Of SLITs And ROBOs R-HSA-9010553,1/167,0.3029773770900578,0.3309114615026163,0,0,2.8386402753872635,3.389612232424895,PSMD3
Reactome_2022,Ion Channel Transport R-HSA-983712,1/175,0.3149778541190525,0.3428027528928204,0,0,2.7070333880678707,3.1273082992251062,WNK3
Reactome_2022,Disorders Of Transmembrane Transporters R-HSA-5619115,1/176,0.3164636501307451,0.3432070571840475,0,0,2.6914285714285717,3.096614781938404,PSMD3
Reactome_2022,Apoptosis R-HSA-109581,1/178,0.319425804980454,0.3452040278385258,0,0,2.660747914985203,3.036526019954649,PSMD3
Reactome_2022,mRNA Splicing - Major Pathway R-HSA-72163,1/181,0.323845542007356,0.3487567375463833,0,0,2.616005291005291,2.9495161406825128,SRSF5
Reactome_2022,Cellular Response To Chemical Stress R-HSA-9711123,1/182,0.3253125481917563,0.349115905376519,0,0,2.6014206787687453,2.9213144453201942,PSMD3
Reactome_2022,ESR-mediated Signaling R-HSA-8939211,1/188,0.3340495206858627,0.3572474040668253,0,0,2.517188693659282,2.760011897395603,ESR1
Reactome_2022,mRNA Splicing R-HSA-72172,1/189,0.335494898412378,0.3575516564394894,0,0,2.5036727456940224,2.73438250533161,SRSF5
Reactome_2022,TCF Dependent Signaling In Response To WNT R-HSA-201681,1/198,0.3483661651472519,0.3699888926391502,0,0,2.3882040125694948,2.518363886481836,PSMD3
Reactome_2022,Signaling By NOTCH R-HSA-157118,1/203,0.3554113086456189,0.3761741686008613,0,0,2.3285007072135784,2.408786350456257,PSMD3
Reactome_2022,Signaling By ROBO Receptors R-HSA-376176,1/209,0.3637673192394975,0.3836997750882371,0,0,2.2606456043956045,2.286057179373668,PSMD3
Reactome_2022,Innate Immune System R-HSA-168249,3/1035,0.3856638618903524,0.4054077456048756,0,0,1.3753633720930232,1.3104312473810482,PSMD3;ORMDL3;PELI1
Reactome_2022,HIV Infection R-HSA-162906,1/229,0.3908636493047819,0.4094762040335811,0,0,2.060254803675856,1.9353961574921337,PSMD3
Reactome_2022,Neddylation R-HSA-8951664,1/237,0.4013836491207282,0.4190717421328281,0,0,1.9896085552865213,1.8161894549281552,PSMD3
Reactome_2022,Immune System R-HSA-168256,5/1943,0.4074507197909605,0.4229745436720381,0,0,1.223385476074086,1.0983986495852798,UBE2C;IL23A;PSMD3;ORMDL3;PELI1
Reactome_2022,Processing Of Capped Intron-Containing Pre-mRNA R-HSA-72203,1/242,0.4078683099694653,0.4229745436720381,0,0,1.947836395969176,1.7468409626707435,SRSF5
Reactome_2022,Metabolism Of RNA R-HSA-8953854,2/666,0.4217731101099268,0.4359265701807298,0,0,1.4173523361739642,1.2235829281060406,PSMD3;SRSF5
Reactome_2022,Signaling By Nuclear Receptors R-HSA-9006931,1/260,0.4306498971367182,0.4436126030705993,0,0,1.8108108108108107,1.5255353544430097,ESR1
Reactome_2022,Signal Transduction R-HSA-162582,6/2465,0.4398217945847046,0.4515503757736301,0,0,1.1539298550278625,0.9478214198918854,GRB7;ERBB2;PSMD3;KIF14;CENPN;ESR1
Reactome_2022,Metabolism R-HSA-1430728,5/2049,0.4540437083761294,0.4646028643848767,0,0,1.1531182408074985,0.9104581272224176,STARD3;INPP4B;PSMD3;ORMDL3;STARD10
Reactome_2022,Adaptive Immune System R-HSA-1280218,2/733,0.4709601333789859,0.4791477238411369,0,0,1.28297354108972,0.9660557661655724,UBE2C;PSMD3
Reactome_2022,Signaling By WNT R-HSA-195721,1/294,0.4713693517008587,0.4791477238411369,0,0,1.5979197139606696,1.2018166789136435,PSMD3
Reactome_2022,DNA Repair R-HSA-73894,1/310,0.4895333217581785,0.4959745496760492,0,0,1.5139466789952227,1.0814162705247774,CCNA2
Reactome_2022,Disease R-HSA-1643685,4/1736,0.5196466134559075,0.5247578916210476,0,0,1.079232545745248,0.7064724105945036,UBE2C;ERBB2;PSMD3;ESR1
Reactome_2022,Metabolism Of Amino Acids And Derivatives R-HSA-71291,1/364,0.5464482105952175,0.5500197675272124,0,0,1.2851895579168306,0.7766602806144374,PSMD3
Reactome_2022,Hemostasis R-HSA-109582,1/576,0.7157554760646111,0.7180869271267109,0,0,0.8025672877846791,0.2683918912499103,GRB7
Reactome_2022,Infectious Disease R-HSA-5663205,1/961,0.8799335823652961,0.8799335823652961,0,0,0.471155753968254,0.0602649901630098,PSMD3
